""	"feature"	"metadata"	"value"	"coef"	"stderr"	"pval"	"qval"	"base.model"	"tweedie.index"	"N"	"N.not.zero"	"percent.zero"	"HMDB"
"HMDB0001870"	"benzoate"	"Group"	"Severe"	4.60055539533684	0.21159774848232	2.27518653787443e-37	3.45373316449338e-34	"CPLM"	1.99	96	96	0	"HMDB0001870"
"HMDB0000056"	"beta-alanine"	"Group"	"Severe"	1.86695468340133	0.12629415082641	1.08509992066958e-25	1.23538625968231e-22	"CPLM"	1.762	96	96	0	"HMDB0000056"
"HMDB0000630"	"cytosine"	"Group"	"Severe"	2.61923661592143	0.260812064959825	2.61471891014839e-16	1.70106141668797e-13	"CPLM"	1.651	96	93	3	"HMDB0000630"
"HMDB0004949"	"N-palmitoyl-sphingosine (d18:1/16:0)"	"Group"	"Severe"	0.849509521825169	0.0853839737415419	4.07513847225416e-16	2.31977257533068e-13	"CPLM"	1.99	96	96	0	"HMDB0004949"
"HMDB0029415"	"S-carboxyethylcysteine"	"Group"	"Severe"	2.08699354106637	0.234759857123267	6.34875638350703e-14	2.62838514277191e-11	"CPLM"	1.99	96	96	0	"HMDB0029415"
"METPA0283"	"4-chlorobenzoic acid"	"Group"	"Severe"	0.861858007536124	0.102757930313739	6.94028008695743e-13	2.43123350123109e-10	"CPLM"	1.99	96	96	0	"METPA0283"
"HMDB0240317"	"N-formylphenylalanine"	"Group"	"Severe"	0.60361072470312	0.0771246261173368	9.84935759213433e-12	2.80337340466123e-09	"CPLM"	1.99	96	96	0	"HMDB0240317"
"HMDB0000169"	"mannose"	"Group"	"Severe"	1.1525528496267	0.150661492552059	2.25722222793488e-11	6.04670001530321e-09	"CPLM"	1.99	96	96	0	"HMDB0000169"
"HMDB0061115"	"tryptophan betaine"	"Group"	"Severe"	-2.14390508278291	0.286938804477287	5.19967352058483e-11	1.31551740070796e-08	"CPLM"	1.99	96	96	0	"HMDB0061115"
"HMDB0061914"	"8-hydroxyoctanoate"	"Group"	"Severe"	1.00079532333136	0.136353910872945	9.61823812874404e-11	2.30533981254212e-08	"CPLM"	1.99	96	96	0	"HMDB0061914"
"HMDB0000195"	"inosine"	"Group"	"Severe"	3.47338004051456	0.506890413716015	9.12240479611591e-10	1.70104502687128e-07	"CPLM"	1.936	96	95	1	"HMDB0000195"
"HMDB0001348"	"stearoyl sphingomyelin (d18:1/18:0)"	"Group"	"Severe"	0.672303471770912	0.101989282306927	2.98424777140745e-09	4.85366583963911e-07	"CPLM"	1.99	96	96	0	"HMDB0001348"
"HMDB0000296"	"uridine"	"Group"	"Severe"	-0.549910242097404	0.0842043271119255	3.9355946799866e-09	6.18024074919275e-07	"CPLM"	1.873	96	96	0	"HMDB0000296"
"HMDB0000337"	"3,4-dihydroxybutyrate"	"Group"	"Severe"	0.806814093826126	0.128443105922173	1.20303392004056e-08	1.61034083648581e-06	"CPLM"	1.99	96	96	0	"HMDB0000337"
"HMDB0001931"	"gamma-CEHC"	"Group"	"Severe"	-1.5504125786484	0.247072806477846	1.23763568899875e-08	1.61034083648581e-06	"CPLM"	1.378	96	92	4	"HMDB0001931"
"HMDB0001893"	"alpha-tocopherol"	"Group"	"Severe"	-0.755338762694299	0.120844402386856	1.38094608947904e-08	1.69968337607771e-06	"CPLM"	1.915	96	96	0	"HMDB0001893"
"HMDB0000277"	"sphingosine 1-phosphate"	"Group"	"Severe"	-0.616705223800301	0.0985775097142635	1.34734760121621e-08	1.69968337607771e-06	"CPLM"	1.402	96	96	0	"HMDB0000277"
"HMDB0094682"	"5alpha-androstan-3alpha,17beta-diol disulfate"	"Group"	"Severe"	2.25715402021539	0.367745477369323	2.27595867364167e-08	2.50724412517172e-06	"CPLM"	1.511	96	81	16	"HMDB0094682"
"HMDB0003876"	"15-HETE"	"Group"	"Severe"	-1.49296338181779	0.24599271021726	3.08114728379423e-08	3.11812105119976e-06	"CPLM"	1.577	96	94	2	"HMDB0003876"
"HMDB0000904"	"citrulline"	"Group"	"Severe"	-0.490723500959256	0.0834084557162732	6.94597697359486e-08	5.85777391439833e-06	"CPLM"	1.99	96	96	0	"HMDB0000904"
"HMDB0000008"	"2-hydroxybutyrate/2-hydroxyisobutyrate"	"Group"	"Severe"	0.849349289181484	0.145919102923534	9.11836456298159e-08	7.32391815618527e-06	"CPLM"	1.99	96	96	0	"HMDB0000008"
"HMDB0000670"	"homoarginine"	"Group"	"Severe"	-0.742280957364763	0.128378451232101	1.07805729354313e-07	8.32114053355153e-06	"CPLM"	1.811	96	96	0	"HMDB0000670"
"HMDB0002579"	"glycochenodeoxycholate glucuronide (1)"	"Group"	"Severe"	1.85546639232082	0.322865930943519	1.25439536863723e-07	9.36478116192447e-06	"CPLM"	1.99	96	96	0	"HMDB0002579"
"HMDB0000462"	"allantoin"	"Group"	"Severe"	0.522791111176408	0.0921376478875132	1.71554453179504e-07	1.2019368919684e-05	"CPLM"	1.99	96	96	0	"HMDB0000462"
"HMDB0000162"	"proline"	"Group"	"Severe"	-0.485889646104484	0.0883684198124822	3.62338705412303e-07	2.08872210689573e-05	"CPLM"	1.99	96	96	0	"HMDB0000162"
"HMDB0011178"	"prolylglycine"	"Group"	"Severe"	-1.15669109498846	0.211694220755455	4.19151076710918e-07	2.3565604979525e-05	"CPLM"	1.196	96	91	5	"HMDB0011178"
"HMDB0000779"	"phenyllactate (PLA)"	"Group"	"Severe"	0.87040747475687	0.159939200534293	4.59593498011112e-07	2.5216732408947e-05	"CPLM"	1.99	96	96	0	"HMDB0000779"
"HMDB0006119"	"7-hydroxycholesterol (alpha or beta)"	"Group"	"Severe"	0.850842196672328	0.157159944323554	5.17582272307192e-07	2.80603531915114e-05	"CPLM"	1.04	96	87	9	"HMDB0006119"
"HMDB0002497"	"glycochenodeoxycholate 3-sulfate"	"Group"	"Severe"	1.58536138425188	0.293924673913465	5.6313054889503e-07	2.98197269728833e-05	"CPLM"	1.99	96	96	0	"HMDB0002497"
"HMDB0000725"	"hydroxyproline"	"Group"	"Severe"	-0.892024623315672	0.166559506945784	6.60742677646991e-07	3.34335794889378e-05	"CPLM"	1.99	96	96	0	"HMDB0000725"
"HMDB0240261"	"1-stearoyl-GPI (18:0)"	"Group"	"Severe"	-0.824725873758085	0.15500589430661	7.64625589754429e-07	3.82648894037546e-05	"CPLM"	1.99	96	96	0	"HMDB0240261"
"HMDB0009815"	"1-stearoyl-2-arachidonoyl-GPI (18:0/20:4)"	"Group"	"Severe"	-0.49755952314495	0.0936988343515662	7.98516927478767e-07	3.91015708358957e-05	"CPLM"	1.573	96	96	0	"HMDB0009815"
"HMDB0001565"	"phosphocholine"	"Group"	"Severe"	0.382872718511164	0.0730109601760054	1.05095216686424e-06	4.83437996757552e-05	"CPLM"	1.99	96	96	0	"HMDB0001565"
"HMDB0000884"	"5-methyluridine (ribothymidine)"	"Group"	"Severe"	-0.422927712956699	0.0812457240585504	1.23225486030945e-06	5.50165552338161e-05	"CPLM"	1.848	96	96	0	"HMDB0000884"
"HMDB0000159"	"phenylalanine"	"Group"	"Severe"	0.289643629736384	0.0556919049317678	1.25646703293841e-06	5.55529210485586e-05	"CPLM"	1.99	96	96	0	"HMDB0000159"
"HMDB0000784"	"azelate (C9-DC)"	"Group"	"Severe"	0.705722131278516	0.14141990300141	2.96889264859608e-06	0.000110822435423824	"CPLM"	1.99	96	96	0	"HMDB0000784"
"HMDB0000026"	"3-ureidopropionate"	"Group"	"Severe"	0.904089068659835	0.185119006100413	4.5546153058179e-06	0.000161820000590066	"CPLM"	1.99	96	96	0	"HMDB0000026"
"HMDB0000947"	"undecanoate (11:0)"	"Group"	"Severe"	0.25925572805082	0.0536078266649917	5.50855475396658e-06	0.00018720864439973	"CPLM"	1.99	96	96	0	"HMDB0000947"
"HMDB0000305"	"retinol (Vitamin A)"	"Group"	"Severe"	-0.790606237734848	0.167528643474381	8.74614661417157e-06	0.000274689321937499	"CPLM"	1.657	96	96	0	"HMDB0000305"
"HMDB0000023"	"3-hydroxyisobutyrate"	"Group"	"Severe"	0.779420333588378	0.165863497745125	9.46257305913186e-06	0.000295154504871825	"CPLM"	1.23	96	94	2	"HMDB0000023"
"HMDB0006409"	"tyramine O-sulfate"	"Group"	"Severe"	-2.595675102905	0.55471417472982	1.0227966663805e-05	0.000316858232564407	"CPLM"	1.649	96	71	26	"HMDB0006409"
"HMDB0000126"	"glycerol 3-phosphate"	"Group"	"Severe"	-0.593021151349042	0.127728632431896	1.1793020666987e-05	0.000342072714123941	"CPLM"	1.074	96	94	2	"HMDB0000126"
"HMDB0000172"	"isoleucine"	"Group"	"Severe"	-0.415980840096659	0.0897409715661829	1.21410349354826e-05	0.000347737566642689	"CPLM"	1.99	96	96	0	"HMDB0000172"
"HMDB0002108"	"S-methylcysteine"	"Group"	"Severe"	-0.986193897703489	0.212721333210535	1.21064350713222e-05	0.000347737566642689	"CPLM"	1.178	96	92	4	"HMDB0002108"
"HMDB0000089"	"cytidine"	"Group"	"Severe"	0.863342990259633	0.186594021370961	1.25490325750342e-05	0.00035276724905374	"CPLM"	1.99	96	96	0	"HMDB0000089"
"HMDB0001043"	"arachidonate (20:4n6)"	"Group"	"Severe"	-0.714405400026709	0.155106437716251	1.36124074821261e-05	0.00037337619402247	"CPLM"	1.99	96	96	0	"HMDB0001043"
"HMDB0094656"	"2-hydroxydecanoate"	"Group"	"Severe"	-0.833636882719238	0.181135331645311	1.38046375394474e-05	0.000374204281872878	"CPLM"	1.99	96	96	0	"HMDB0094656"
"HMDB0006750"	"lactosyl-N-palmitoyl-sphingosine (d18:1/16:0)"	"Group"	"Severe"	0.503790232696323	0.1101374069948	1.5389960726358e-05	0.000403141526267893	"CPLM"	1.99	96	96	0	"HMDB0006750"
"HMDB0002007"	"nisinate (24:6n3)"	"Group"	"Severe"	-2.16430395618753	0.474580340220348	1.62282571797307e-05	0.000419906154525531	"CPLM"	1.317	96	69	28	"HMDB0002007"
"HMDB0029432"	"S-methylcysteine sulfoxide"	"Group"	"Severe"	-1.10517871246008	0.24390272911671	1.81616401483393e-05	0.00045695087975435	"CPLM"	1.99	96	96	0	"HMDB0029432"
"HMDB0000684"	"kynurenine"	"Group"	"Severe"	0.852061112362683	0.189193529151174	2.01891321165991e-05	0.00049166474683953	"CPLM"	1.99	96	96	0	"HMDB0000684"
"HMDB0061652"	"3-hydroxyhexanoate"	"Group"	"Severe"	0.844805082281025	0.1906664101773	2.66548298947002e-05	0.0006099803785953	"CPLM"	1.99	96	96	0	"HMDB0061652"
"HMDB0001087"	"5-methylthioribose"	"Group"	"Severe"	0.528370033132705	0.119864449080224	2.90546078242741e-05	0.000655023188275963	"CPLM"	1.033	96	94	2	"HMDB0001087"
"HMDB0000012"	"2-deoxyuridine"	"Group"	"Severe"	-0.797870622532372	0.183834764471439	3.7530595391082e-05	0.000803687976738295	"CPLM"	1.087	96	88	8	"HMDB0000012"
"HMDB0010169"	"palmitoyl sphingomyelin (d18:1/16:0)"	"Group"	"Severe"	0.299460517772899	0.0692532446388125	3.98526910942081e-05	0.000824950705650107	"CPLM"	1.99	96	96	0	"HMDB0010169"
"HMDB0240459"	"4-methylcatechol sulfate"	"Group"	"Severe"	-2.07072095925334	0.482630407337245	4.51917713131889e-05	0.000918764850715456	"CPLM"	1.699	96	85	11	"HMDB0240459"
"HMDB0000387"	"3-hydroxylaurate"	"Group"	"Severe"	0.720185815623908	0.170859832250397	5.97809362399106e-05	0.0011566948375848	"CPLM"	1.99	96	96	0	"HMDB0000387"
"HMDB0002486"	"taurochenodeoxycholic acid 3-sulfate"	"Group"	"Severe"	2.20958926479108	0.524445583857036	6.01964882853559e-05	0.0011566948375848	"CPLM"	1.901	96	95	1	"HMDB0002486"
"HMDB0000772"	"nonadecanoate (19:0)"	"Group"	"Severe"	-0.460953523502461	0.110385577367578	6.90637791095217e-05	0.00130547996920738	"CPLM"	1.99	96	96	0	"HMDB0000772"
"HMDB0000214"	"ornithine"	"Group"	"Severe"	-0.464859996282681	0.111388527010478	6.97077223791995e-05	0.00130637435273611	"CPLM"	1.99	96	96	0	"HMDB0000214"
"HMDB0002183"	"docosahexaenoate (DHA; 22:6n3)"	"Group"	"Severe"	-0.73934253723148	0.177303133288322	7.05787647539526e-05	0.00131445608348327	"CPLM"	1.99	96	96	0	"HMDB0002183"
"HMDB0000888"	"undecanedioate (C11-DC)"	"Group"	"Severe"	0.525112307231801	0.12689123288947	7.92446096173507e-05	0.00143776873385424	"CPLM"	1.99	96	96	0	"HMDB0000888"
"HMDB0000594"	"gamma-glutamylphenylalanine"	"Group"	"Severe"	0.522046645824284	0.126336929243598	8.10312219983464e-05	0.00145856199597023	"CPLM"	1.99	96	96	0	"HMDB0000594"
"HMDB0013034"	"N-palmitoylglycine"	"Group"	"Severe"	-0.75088913993762	0.182987760039139	8.99504492213408e-05	0.00156948025193098	"CPLM"	1.044	96	93	3	"HMDB0013034"
"HMDB0062549"	"2-hydroxystearate"	"Group"	"Severe"	-0.75437363421243	0.184389042187641	9.40531678386932e-05	0.00163480200892141	"CPLM"	1.99	96	96	0	"HMDB0062549"
"HMDB0094701"	"N-acetylproline"	"Group"	"Severe"	-0.402371191880763	0.0999392940453765	0.000118944876329929	0.00198415738756958	"CPLM"	1.99	96	96	0	"HMDB0094701"
"HMDB0000133"	"guanosine"	"Group"	"Severe"	2.07723168738072	0.519303738841648	0.000130623929652177	0.0020799348798462	"CPLM"	1.443	96	61	36	"HMDB0000133"
"HMDB0010386"	"1-linoleoyl-GPC (18:2)"	"Group"	"Severe"	-0.572273507392081	0.143127983657035	0.000131419942074856	0.00208531852337594	"CPLM"	1.99	96	96	0	"HMDB0010386"
"HMDB0240365"	"N,N,N-trimethyl-alanylproline betaine (TMAP)"	"Group"	"Severe"	1.01316257911808	0.253827652144319	0.000134652884051169	0.00210995188306237	"CPLM"	1.99	96	96	0	"HMDB0240365"
"HMDB0034365"	"theanine"	"Group"	"Severe"	-4.35343891524591	1.10043299850855	0.000152773475431325	0.00233466579568542	"CPLM"	1.672	96	28	71	"HMDB0034365"
"HMDB0061693"	"1-oleoyl-GPI (18:1)"	"Group"	"Severe"	-0.701556426412538	0.179036105258122	0.000174549956786548	0.00260463298884506	"CPLM"	1.99	96	96	0	"HMDB0061693"
"HMDB0000448"	"adipate"	"Group"	"Severe"	0.515435184379769	0.132248112123812	0.000187996872411045	0.00275285452398682	"CPLM"	1.99	96	96	0	"HMDB0000448"
"HMDB0000122"	"glucose"	"Group"	"Severe"	0.368738793535686	0.0956662479652847	0.000218675629400681	0.00312178312316834	"CPLM"	1.99	96	96	0	"HMDB0000122"
"HMDB0000205"	"phenylpyruvate"	"Group"	"Severe"	0.407095916905289	0.1063899587242	0.000241113174688945	0.00334784690969708	"CPLM"	1.018	96	95	1	"HMDB0000205"
"HMDB0000872"	"tetradecanedioate (C14)"	"Group"	"Severe"	0.854475603542533	0.22330861195315	0.000241127313654071	0.00334784690969708	"CPLM"	1.99	96	96	0	"HMDB0000872"
"HMDB0000653"	"cholesterol sulfate"	"Group"	"Severe"	-0.462890883765545	0.122982467422858	0.000299504379888567	0.00408366151500759	"CPLM"	1.024	96	95	1	"HMDB0000653"
"HMDB0010378"	"mead acid (20:3n9)"	"Group"	"Severe"	-0.873792807365051	0.233594769544027	0.000324444621089312	0.00431079525352487	"CPLM"	1.231	96	91	5	"HMDB0010378"
"HMDB0000259"	"serotonin"	"Group"	"Severe"	-0.962432387365022	0.257684322016369	0.00033086444048525	0.00435478804037522	"CPLM"	1.27	96	88	8	"HMDB0000259"
"HMDB0012454"	"3beta,7alpha-dihydroxy-5-cholestenoate"	"Group"	"Severe"	-0.590725236376238	0.15983884855752	0.000378302486075645	0.0048257409568305	"CPLM"	1.109	96	95	1	"HMDB0012454"
"HMDB0000167"	"threonine"	"Group"	"Severe"	-0.390216287321594	0.105804139342672	0.000388297901743062	0.00491457112373521	"CPLM"	1.99	96	96	0	"HMDB0000167"
"HMDB0004620"	"N-acetylarginine"	"Group"	"Severe"	-0.423732230398055	0.114968597433927	0.000391570906466512	0.00493965071481578	"CPLM"	1.832	96	96	0	"HMDB0004620"
"HMDB0033592"	"alliin"	"Group"	"Severe"	-2.85362294956568	0.78764479158773	0.000484080009204398	0.00591018863784673	"CPLM"	1.459	96	41	57	"HMDB0033592"
"HMDB0002000"	"myristoleate (14:1n5)"	"Group"	"Severe"	0.784604759745346	0.218834603121066	0.000549188018248275	0.00653386583925412	"CPLM"	1.99	96	96	0	"HMDB0002000"
"HMDB0000672"	"hexadecanedioate (C16)"	"Group"	"Severe"	0.849261677228493	0.239513071181456	0.000626660632781936	0.00735207862681434	"CPLM"	1.99	96	96	0	"HMDB0000672"
"HMDB0000182"	"lysine"	"Group"	"Severe"	-0.292054874811278	0.0825455607206749	0.000642837110454727	0.00750635948977135	"CPLM"	1.99	96	96	0	"HMDB0000182"
"HMDB0034323"	"S-allylcysteine"	"Group"	"Severe"	-2.64376998703787	0.748115230893409	0.000651846003713267	0.00757272117579137	"CPLM"	1.543	96	50	48	"HMDB0034323"
"HMDB0000168"	"asparagine"	"Group"	"Severe"	-0.297607244926762	0.0843955552274937	0.000668393838527544	0.00772554705749857	"CPLM"	1.99	96	96	0	"HMDB0000168"
"HMDB0000251"	"taurine"	"Group"	"Severe"	-0.403454595834804	0.114937495979983	0.000704987987685741	0.0080869402919921	"CPLM"	1.416	96	96	0	"HMDB0000251"
"HMDB0000731"	"cysteine s-sulfate"	"Group"	"Severe"	0.581973526846676	0.166064521447415	0.000718381672280464	0.00813808491434137	"CPLM"	1.043	96	89	7	"HMDB0000731"
"HMDB0029068"	"threonylphenylalanine"	"Group"	"Severe"	-2.5404131462954	0.727236765520993	0.000745523672146938	0.00838299951347446	"CPLM"	1.151	96	45	53	"HMDB0029068"
"HMDB0001015"	"N-formylmethionine"	"Group"	"Severe"	-0.378323676158693	0.109018331732789	0.000803901038494814	0.00884291142344296	"CPLM"	1.99	96	96	0	"HMDB0001015"
"HMDB0000764"	"3-phenylpropionate (hydrocinnamate)"	"Group"	"Severe"	0.942584736701652	0.271815061397131	0.00081059756198788	0.00886041342793897	"CPLM"	1.99	96	96	0	"HMDB0000764"
"HMDB0000774"	"pregnenolone sulfate"	"Group"	"Severe"	0.71876940488411	0.208662622805102	0.000874128839646386	0.00930101275037752	"CPLM"	1.574	96	95	1	"HMDB0000774"
"HMDB0000754"	"beta-hydroxyisovalerate"	"Group"	"Severe"	0.488483091313	0.143629937046017	0.00100727642704852	0.0103639629527859	"CPLM"	1.99	96	96	0	"HMDB0000754"
"HMDB0000011"	"3-hydroxybutyrate (BHBA)"	"Group"	"Severe"	1.70482569725903	0.503757603187784	0.00106329909746967	0.010808625200618	"CPLM"	1.875	96	95	1	"HMDB0000011"
"HMDB0006116"	"3-hydroxyhippurate"	"Group"	"Severe"	-1.69273396281324	0.501218453977167	0.00108747782917146	0.0110052756312151	"CPLM"	1.458	96	64	33	"HMDB0006116"
"HMDB0000191"	"aspartate"	"Group"	"Severe"	0.402107164996409	0.121464408509732	0.00134625604773435	0.0132130388822893	"CPLM"	1.62	96	96	0	"HMDB0000191"
"HMDB0000177"	"histidine"	"Group"	"Severe"	-0.290493941659781	0.0878053807748839	0.00135530818301906	0.0132732762698254	"CPLM"	1.088	96	96	0	"HMDB0000177"
"HMDB0240589"	"N-delta-acetylornithine"	"Group"	"Severe"	-1.55958031412296	0.481022914857524	0.00166998479717539	0.0152713067597123	"CPLM"	1.241	96	55	43	"HMDB0240589"
"HMDB0062551"	"4-ethylphenyl sulfate"	"Group"	"Severe"	-1.88106832597312	0.587031525296125	0.00187944706719898	0.0168153279843304	"CPLM"	1.889	96	94	2	"HMDB0062551"
"HMDB0000209"	"phenylacetate"	"Group"	"Severe"	0.567056947930926	0.179612548929649	0.00217551729593514	0.0187994416806236	"CPLM"	1.526	96	95	1	"HMDB0000209"
"HMDB0000258"	"sucrose"	"Group"	"Severe"	-1.83655215653915	0.582549588180517	0.00220587510818546	0.0190256728080996	"CPLM"	1.713	96	79	18	"HMDB0000258"
"HMDB0038670"	"S-methylmethionine"	"Group"	"Severe"	-1.73693761999363	0.551609286685975	0.00223150807589138	0.0191020446947544	"CPLM"	1.532	96	62	35	"HMDB0038670"
"HMDB0000883"	"valine"	"Group"	"Severe"	-0.23554420975284	0.0749700571895842	0.00228010074654983	0.0194085585042765	"CPLM"	1.99	96	96	0	"HMDB0000883"
"HMDB0003357"	"N-alpha-acetylornithine"	"Group"	"Severe"	0.373640510239519	0.119712737020989	0.00242938952941253	0.0203746591472277	"CPLM"	1.99	96	96	0	"HMDB0003357"
"HMDB0061695"	"1-palmitoyl-GPI* (16:0)"	"Group"	"Severe"	-0.555441363357167	0.18009993841477	0.00271967091039715	0.0221167523677654	"CPLM"	1.99	96	96	0	"HMDB0061695"
"HMDB0240663"	"3-methyl catechol sulfate (1)"	"Group"	"Severe"	-1.84682035558883	0.603835510038011	0.00293852354159568	0.0233951681965502	"CPLM"	1.579	96	55	43	"HMDB0240663"
"HMDB0029968"	"ethyl beta-glucopyranoside"	"Group"	"Severe"	-1.02939201603443	0.336737235895291	0.00295205249394602	0.0234209879049306	"CPLM"	1.99	96	96	0	"HMDB0029968"
"HMDB0062720"	"thymol sulfate"	"Group"	"Severe"	-1.82597504211056	0.604461058875013	0.00329036498390798	0.0252686713941264	"CPLM"	1.56	96	65	32	"HMDB0062720"
"HMDB0012141"	"2,3-dihydroxyisovalerate"	"Group"	"Severe"	-1.0135428450232	0.335809310192261	0.00331626642790958	0.0253819786768071	"CPLM"	1.755	96	94	2	"HMDB0012141"
"HMDB0007972"	"1-palmitoyl-2-oleoyl-GPC (16:0/18:1)"	"Group"	"Severe"	0.229230848826039	0.0763192809112372	0.00346430800138488	0.0261199646329582	"CPLM"	1.99	96	96	0	"HMDB0007972"
"HMDB0013253"	"N-acetylhistamine"	"Group"	"Severe"	-2.45463223836838	0.824082141418653	0.00373093506493963	0.0278035029270345	"CPLM"	1.563	96	35	64	"HMDB0013253"
"HMDB0000350"	"3-hydroxysebacate"	"Group"	"Severe"	1.02597597651909	0.3486081006132	0.00414382200711298	0.0299064428215412	"CPLM"	1.323	96	78	19	"HMDB0000350"
"HMDB0060426"	"8-methoxykynurenate"	"Group"	"Severe"	1.92474573997164	0.656609611978307	0.00428893379894335	0.0307587472762016	"CPLM"	1.644	96	74	23	"HMDB0060426"
"HMDB0000508"	"ribitol"	"Group"	"Severe"	0.242450461116457	0.082770299492759	0.0043159610097819	0.0308553947229933	"CPLM"	1.99	96	96	0	"HMDB0000508"
"HMDB0000855"	"nicotinamide riboside"	"Group"	"Severe"	0.493091662763047	0.168377054208872	0.00432481717218154	0.0308702467117786	"CPLM"	1.046	96	93	3	"HMDB0000855"
"HMDB0000695"	"4-methyl-2-oxopentanoate"	"Group"	"Severe"	-0.567170198114171	0.194588950531263	0.0045028119071858	0.0319405068930283	"CPLM"	1.975	96	96	0	"HMDB0000695"
"HMDB0011564"	"1-palmitoylglycerol (16:0)"	"Group"	"Severe"	-0.546249772985919	0.188781766555268	0.00478911154451284	0.033450328180539	"CPLM"	1.99	96	96	0	"HMDB0011564"
"HMDB0240592"	"palmitoylcholine"	"Group"	"Severe"	-0.453772090206632	0.157530441329634	0.00497346244641491	0.0343689650697626	"CPLM"	1.24	96	95	1	"HMDB0240592"
"HMDB0061643"	"3-carboxy-4-methyl-5-pentyl-2-furanpropionate (3-CMPFP)"	"Group"	"Severe"	-0.892646572563673	0.314170804246843	0.00556974109094886	0.0374432593461451	"CPLM"	1.99	96	96	0	"HMDB0061643"
"HMDB0001522"	"1-methylguanidine"	"Group"	"Severe"	0.768640913795436	0.272003649716381	0.00582155564071076	0.0388729683105525	"CPLM"	1.99	96	96	0	"HMDB0001522"
"HMDB0000562"	"creatinine"	"Group"	"Severe"	0.237825078676588	0.0851104814282313	0.00636899499165579	0.0416729930919547	"CPLM"	1.99	96	96	0	"HMDB0000562"
"HMDB0000929"	"tryptophan"	"Group"	"Severe"	-0.232217196770385	0.0831022803421925	0.00636819985271183	0.0416729930919547	"CPLM"	1.597	96	96	0	"HMDB0000929"
"HMDB0000491"	"3-methyl-2-oxovalerate"	"Group"	"Severe"	-0.483833694755882	0.173350856175698	0.00642789909173967	0.0419219098717031	"CPLM"	1.715	96	96	0	"HMDB0000491"
"HMDB0000345"	"3-hydroxyadipate"	"Group"	"Severe"	1.02864596785099	0.368865163122206	0.00647158900939015	0.041982359471172	"CPLM"	1.681	96	93	3	"HMDB0000345"
"HMDB0000755"	"3-(4-hydroxyphenyl)lactate (HPLA)"	"Group"	"Severe"	0.366420665297033	0.131528796266565	0.00652349269468305	0.042198843368731	"CPLM"	1.99	96	96	0	"HMDB0000755"
"HMDB0000756"	"hexanoylcarnitine (C6)"	"Group"	"Severe"	0.802504121528805	0.290441737569248	0.00695778915617325	0.0438861105501565	"CPLM"	1.99	96	96	0	"HMDB0000756"
"HMDB0000292"	"xanthine"	"Group"	"Severe"	0.313401748385193	0.113551822988083	0.0070179758969491	0.0441434561252848	"CPLM"	1.99	96	96	0	"HMDB0000292"
"HMDB0000687"	"leucine"	"Group"	"Severe"	-0.225407175165051	0.0818408306878048	0.0071329221869352	0.0446813310031677	"CPLM"	1.99	96	96	0	"HMDB0000687"
"HMDB0011745"	"N-acetylmethionine"	"Group"	"Severe"	-0.727795098471614	0.266292323033248	0.00756866667768216	0.0469465327853994	"CPLM"	1.404	96	91	5	"HMDB0011745"
"HMDB0000176"	"maleate"	"Group"	"Severe"	0.333830694614425	0.123106791925157	0.00803315369766433	0.0494364620799505	"CPLM"	1.233	96	95	1	"HMDB0000176"
"HMDB0000211"	"myo-inositol"	"Group"	"Severe"	0.323317993772752	0.119449419971852	0.00814517138548051	0.0498541501628323	"CPLM"	1.99	96	96	0	"HMDB0000211"
"HMDB0000696"	"methionine"	"Group"	"Severe"	-0.2838519241955	0.105014743368914	0.00823075289751615	0.049977131593718	"CPLM"	1.99	96	96	0	"HMDB0000696"
"HMDB0000271"	"sarcosine"	"Group"	"Severe"	-0.49490430061168	0.183652288546811	0.00841965236839609	0.0507183821239098	"CPLM"	1.99	96	96	0	"HMDB0000271"
"HMDB0000045"	"AMP"	"Group"	"Severe"	-3.39390983722034	1.26476957996739	0.00868864719206264	0.0520124941256021	"CPLM"	1.516	96	34	65	"HMDB0000045"
"HMDB0000991"	"2-aminooctanoate"	"Group"	"Severe"	-0.677520032710671	0.254287140785934	0.00915650558849165	0.0540138943652733	"CPLM"	1.539	96	95	1	"HMDB0000991"
"HMDB0003331"	"1-methyladenosine"	"Group"	"Severe"	0.284144558891887	0.107035347599857	0.00940391372234075	0.0550455309659894	"CPLM"	1.99	96	96	0	"HMDB0003331"
"HMDB0013816"	"2,4-di-tert-butylphenol"	"Group"	"Severe"	-0.18873400692747	0.071892863388681	0.0101923057803724	0.0580923160498322	"CPLM"	1.99	96	96	0	"HMDB0013816"
"HMDB0035227"	"tartronate (hydroxymalonate)"	"Group"	"Severe"	-0.453278884038348	0.173271328549655	0.0104505935014587	0.0590379059600926	"CPLM"	1.051	96	94	2	"HMDB0035227"
"HMDB0011503"	"1-palmitoyl-GPE (16:0)"	"Group"	"Severe"	0.283507175051378	0.10862592664739	0.0106240127205514	0.0596569099006054	"CPLM"	1.975	96	96	0	"HMDB0011503"
"HMDB0003869"	"gamma-glutamyl-epsilon-lysine"	"Group"	"Severe"	-0.250416324228618	0.0962631474305732	0.0108733789308963	0.0609462685424469	"CPLM"	1.99	96	96	0	"HMDB0003869"
"HMDB0000792"	"sebacate (C10-DC)"	"Group"	"Severe"	0.708598318552197	0.272418972023413	0.0108803944499362	0.0609462685424469	"CPLM"	1.99	96	96	0	"HMDB0000792"
"HMDB0168668"	"methyl-4-hydroxybenzoate sulfate"	"Group"	"Severe"	-1.85680082650689	0.716940453258598	0.0112157240065023	0.0621367483279947	"CPLM"	1.573	96	46	52	"HMDB0168668"
"HMDB0000528"	"dihydroorotate"	"Group"	"Severe"	-0.515868111460262	0.199606075053286	0.0113821170687819	0.0629819697827861	"CPLM"	1.144	96	90	6	"HMDB0000528"
"HMDB0001123"	"anthranilate"	"Group"	"Severe"	0.625989868254911	0.245048785425993	0.0123319428756654	0.0665688072795295	"CPLM"	1.99	96	96	0	"HMDB0001123"
"HMDB0061656"	"3-hydroxymyristate"	"Group"	"Severe"	0.362816076248589	0.142945545998365	0.0128834531415117	0.0687822340052103	"CPLM"	1.99	96	96	0	"HMDB0061656"
"HMDB0000232"	"quinolinate"	"Group"	"Severe"	1.12842864928661	0.44696141163948	0.0133528060904914	0.0703804154352982	"CPLM"	1.665	96	87	9	"HMDB0000232"
"HMDB0001085"	"leukotriene B4"	"Group"	"Severe"	0.550731787603593	0.218237384173513	0.0133925771268574	0.0705084349545764	"CPLM"	1.459	96	93	3	"HMDB0001085"
"HMDB0007970"	"1-palmitoyl-2-stearoyl-GPC (16:0/18:0)"	"Group"	"Severe"	-0.252726291184283	0.100406169155938	0.0136252359129504	0.07156784815176	"CPLM"	1.99	96	96	0	"HMDB0007970"
"HMDB0000407"	"alpha-hydroxyisovalerate"	"Group"	"Severe"	-0.477642434094011	0.1912999283774	0.0143715554458804	0.0747124012563237	"CPLM"	1.99	96	96	0	"HMDB0000407"
"HMDB0000529"	"5-dodecenoate (12:1n7)"	"Group"	"Severe"	0.591493333279521	0.237702021197328	0.0146939933563546	0.076041415619135	"CPLM"	1.697	96	95	1	"HMDB0000529"
"HMDB0240652"	"3-hydroxypyridine sulfate"	"Group"	"Severe"	-1.35065164250774	0.547838535737775	0.015603928226211	0.0794857820382157	"CPLM"	1.587	96	71	26	"HMDB0240652"
"HMDB0010384"	"1-stearoyl-GPC (18:0)"	"Group"	"Severe"	-0.225583315721671	0.0917813933737375	0.0159154534008613	0.0807115532155037	"CPLM"	1.43	96	96	0	"HMDB0010384"
"HMDB0011635"	"p-cresol sulfate"	"Group"	"Severe"	-0.974596088978905	0.398055544641195	0.0163108749374058	0.0822588310796745	"CPLM"	1.99	96	96	0	"HMDB0011635"
"HMDB0011749"	"2-piperidinone"	"Group"	"Severe"	-0.798440256483281	0.326733777083424	0.0165105348617775	0.0831736457528041	"CPLM"	1.99	96	96	0	"HMDB0011749"
"HMDB0011561"	"1-myristoylglycerol (14:0)"	"Group"	"Severe"	-0.793736713824755	0.326989380142808	0.017221390847578	0.0856181374671075	"CPLM"	1.195	96	82	15	"HMDB0011561"
"HMDB0000163"	"maltose"	"Group"	"Severe"	0.870060450930187	0.358685257343018	0.0172977676345383	0.0857189874572594	"CPLM"	1.708	96	92	4	"HMDB0000163"
"HMDB0000827"	"stearate (18:0)"	"Group"	"Severe"	-0.172334121582946	0.0710455506982651	0.017298144372688	0.0857189874572594	"CPLM"	1.99	96	96	0	"HMDB0000827"
"HMDB0029159"	"gamma-glutamylthreonine"	"Group"	"Severe"	-0.287639653947203	0.119763269495012	0.0183968571843269	0.0899884936814445	"CPLM"	1.99	96	96	0	"HMDB0029159"
"HMDB0028854"	"glycylvaline"	"Group"	"Severe"	-0.564155331065119	0.236646493377081	0.0192521190575365	0.0927768785058425	"CPLM"	1.445	96	94	2	"HMDB0028854"
"HMDB0000424"	"2-hydroxysebacate"	"Group"	"Severe"	0.387475585059102	0.163405680841593	0.0198850346379929	0.0945265634044047	"CPLM"	1.99	96	96	0	"HMDB0000424"
"HMDB0000222"	"palmitoylcarnitine (C16)"	"Group"	"Severe"	0.316784275194379	0.133687591405141	0.0199692026566227	0.094827683939791	"CPLM"	1.99	96	96	0	"HMDB0000222"
"HMDB0094650"	"5alpha-pregnan-3beta,20alpha-diol disulfate"	"Group"	"Severe"	0.654481761950871	0.27817822454974	0.0208397081899156	0.0979401765705632	"CPLM"	1.99	96	96	0	"HMDB0094650"
"HMDB0062544"	"16a-hydroxy DHEA 3-sulfate"	"Group"	"Severe"	0.575958688498071	0.245105897240246	0.0209932773051708	0.0985601905646886	"CPLM"	1.578	96	95	1	"HMDB0062544"
"HMDB0004824"	"N2,N2-dimethylguanosine"	"Group"	"Severe"	0.684151262520108	0.293585019362871	0.0220498636280189	0.101122939538769	"CPLM"	1.99	96	96	0	"HMDB0004824"
"HMDB0029151"	"gamma-glutamylhistidine"	"Group"	"Severe"	-0.224113443037432	0.0966178245266506	0.0226520318073365	0.103364081012636	"CPLM"	1.561	96	96	0	"HMDB0029151"
"HMDB0000532"	"N-acetylglycine"	"Group"	"Severe"	0.293580546375094	0.127355794692995	0.023480857299236	0.106294059782029	"CPLM"	1.99	96	96	0	"HMDB0000532"
"HMDB0062121"	"dihydroferulate"	"Group"	"Severe"	-0.621781313799653	0.270870982608608	0.0240553123073544	0.108248905383095	"CPLM"	1.152	96	86	10	"HMDB0062121"
"HMDB0002917"	"arabitol/xylitol"	"Group"	"Severe"	-0.661886007544167	0.292461108374772	0.026058065549832	0.115024777375539	"CPLM"	1.99	96	96	0	"HMDB0002917"
"HMDB0000626"	"deoxycholate"	"Group"	"Severe"	-1.42038264200838	0.627774080265414	0.0260958937681089	0.115044240290385	"CPLM"	1.361	96	47	51	"HMDB0000626"
"HMDB0034367"	"gamma-glutamylmethionine"	"Group"	"Severe"	-0.410323084997524	0.183160286401535	0.0275652328690824	0.119352146500263	"CPLM"	1.516	96	95	1	"HMDB0034367"
"HMDB0240294"	"2-O-methylascorbic acid"	"Group"	"Severe"	0.488398126202813	0.218962475194005	0.0282278658608969	0.121732671525118	"CPLM"	1.99	96	96	0	"HMDB0240294"
"HMDB0000097"	"choline"	"Group"	"Severe"	-0.155635326568167	0.0715311110411146	0.0322220361307984	0.133157125716566	"CPLM"	1.99	96	96	0	"HMDB0000097"
"HMDB0061116"	"2-aminophenol sulfate"	"Group"	"Severe"	-1.02514431822943	0.471700456993238	0.0324138027045926	0.133585934404267	"CPLM"	1.233	96	55	43	"HMDB0061116"
"HMDB0000131"	"glycerol"	"Group"	"Severe"	0.251008146123229	0.115900915846913	0.033007226394053	0.135418836935601	"CPLM"	1.99	96	96	0	"HMDB0000131"
"HMDB0059586"	"perfluorooctanesulfonate (PFOS)"	"Group"	"Severe"	-0.559771262827577	0.259286066955451	0.033548969933492	0.13702621262573	"CPLM"	1.99	96	96	0	"HMDB0059586"
"HMDB0061684"	"N-acetylisoleucine"	"Group"	"Severe"	-0.308232050222479	0.143195945490614	0.0340624465657036	0.138624112296885	"CPLM"	1.99	96	96	0	"HMDB0061684"
"HMDB0061677"	"adipoylcarnitine (C6-DC)"	"Group"	"Severe"	0.96344381283095	0.44818644432691	0.0342958123762321	0.139324825656879	"CPLM"	1.43	96	79	18	"HMDB0061677"
"HMDB0000897"	"7-methylguanine"	"Group"	"Severe"	0.230191634640161	0.107557969611755	0.0350771216490157	0.141740205847043	"CPLM"	1.99	96	96	0	"HMDB0000897"
"HMDB0000622"	"ethylmalonate"	"Group"	"Severe"	0.553574574467235	0.259162454761789	0.0354237299459599	0.142887215388752	"CPLM"	1.99	96	96	0	"HMDB0000622"
"HMDB0000019"	"3-methyl-2-oxobutyrate"	"Group"	"Severe"	-0.489544937421906	0.229332220100755	0.0355379539315976	0.143094467024311	"CPLM"	1.524	96	94	2	"HMDB0000019"
"HMDB0003464"	"4-guanidinobutanoate"	"Group"	"Severe"	0.293178297316706	0.137975405725284	0.0363702123513935	0.144473439110025	"CPLM"	1.883	96	96	0	"HMDB0003464"
"HMDB0031057"	"2-hydroxypalmitate"	"Group"	"Severe"	-0.36445905538951	0.171676808692587	0.0365354961671338	0.144520150674752	"CPLM"	1.99	96	96	0	"HMDB0031057"
"HMDB0000631"	"glycodeoxycholate"	"Group"	"Severe"	-1.00280954314741	0.473911887340738	0.0371352435183172	0.146039636426957	"CPLM"	1.536	96	63	34	"HMDB0000631"
"HMDB0000190"	"lactate"	"Group"	"Severe"	-0.231170752040341	0.109594963065372	0.03772528173549	0.147487761812016	"CPLM"	1.99	96	96	0	"HMDB0000190"
"HMDB0002212"	"arachidate (20:0)"	"Group"	"Severe"	-0.564699279641864	0.26815862100165	0.0380345307875936	0.148422667700686	"CPLM"	1.527	96	93	3	"HMDB0002212"
"HMDB0000720"	"levulinate (4-oxovalerate)"	"Group"	"Severe"	0.378941439483721	0.180371880651466	0.038478423812473	0.15002632024144	"CPLM"	1.227	96	94	2	"HMDB0000720"
"HMDB0000856"	"N-acetylcitrulline"	"Group"	"Severe"	-1.23435494647726	0.592518323295711	0.0400980333631185	0.15385458642304	"CPLM"	1.264	96	62	35	"HMDB0000856"
"HMDB0004089"	"N-formylanthranilic acid"	"Group"	"Severe"	0.640024796792563	0.307379014756131	0.0401947219570721	0.15385458642304	"CPLM"	1.99	96	96	0	"HMDB0004089"
"HMDB0000070"	"pipecolate"	"Group"	"Severe"	-0.551490358858345	0.264867554057439	0.0402007440636547	0.15385458642304	"CPLM"	1.435	96	92	4	"HMDB0000070"
"HMDB0002829"	"androsterone glucuronide"	"Group"	"Severe"	-0.603997155551578	0.291385401314997	0.0410782966942793	0.15615238993802	"CPLM"	1.267	96	81	16	"HMDB0002829"
"HMDB0004400"	"5-acetylamino-6-amino-3-methyluracil"	"Group"	"Severe"	-1.62469800763772	0.786771048689122	0.0418303377690737	0.158087434191172	"CPLM"	1.466	96	37	61	"HMDB0004400"
"HMDB0000201"	"acetylcarnitine (C2)"	"Group"	"Severe"	0.97650045065466	0.473958336562113	0.042288761484532	0.159028092320858	"CPLM"	1.99	96	96	0	"HMDB0000201"
"HMDB0000123"	"glycine"	"Group"	"Severe"	-0.169928313885362	0.0824932865477182	0.0423282580318631	0.159045286367248	"CPLM"	1.99	96	96	0	"HMDB0000123"
"HMDB0011667"	"gamma-glutamylglycine"	"Group"	"Severe"	-0.321026236176699	0.156792946680889	0.0435616287259309	0.162340145022823	"CPLM"	1.99	96	96	0	"HMDB0011667"
"HMDB0001434"	"3-methoxytyrosine"	"Group"	"Severe"	0.381144056414068	0.186331542592129	0.0437563269643756	0.162932390021068	"CPLM"	1.411	96	94	2	"HMDB0001434"
"HMDB0000207"	"oleate/vaccenate (18:1)"	"Group"	"Severe"	0.359660932721364	0.176031904105589	0.043994233362213	0.163684427068234	"CPLM"	1.99	96	96	0	"HMDB0000207"
"HMDB0000050"	"adenosine"	"Group"	"Severe"	0.423382822498133	0.208625856618624	0.0454058835040711	0.167161191170202	"CPLM"	1.221	96	92	4	"HMDB0000050"
"HMDB0000651"	"decanoylcarnitine (C10)"	"Group"	"Severe"	0.450856249560844	0.222614243125399	0.0458344518780312	0.16844005740882	"CPLM"	1.99	96	96	0	"HMDB0000651"
"HMDB0013676"	"2,6-dihydroxybenzoic acid"	"Group"	"Severe"	-0.479408598754695	0.237299005388169	0.0463616395854571	0.169855918481232	"CPLM"	1.623	96	95	1	"HMDB0013676"
"HMDB0000801"	"phytanate"	"Group"	"Severe"	-0.638340721269861	0.317059171816799	0.0471023744200877	0.171055991315055	"CPLM"	1.99	96	96	0	"HMDB0000801"
"HMDB0000625"	"gluconate"	"Group"	"Severe"	0.34989276330451	0.17458326804864	0.0480931175197017	0.173546796501364	"CPLM"	1.99	96	96	0	"HMDB0000625"
"HMDB0011578"	"1-arachidonylglycerol (20:4)"	"Group"	"Severe"	-0.455595865949132	0.228108956558641	0.0488498671695922	0.174899763598718	"CPLM"	1.351	96	93	3	"HMDB0011578"
"HMDB0001046"	"cotinine"	"Group"	"Severe"	-2.04401927634289	1.02546376094951	0.0492951406754104	0.175932657238103	"CPLM"	1.536	96	21	78	"HMDB0001046"
"HMDB0001212"	"hydantoin-5-propionate"	"Group"	"Severe"	1.38476389641548	0.695908393765341	0.0496751996336575	0.177011626863597	"CPLM"	1.795	96	85	11	"HMDB0001212"
"HMDB0002100"	"palmitoyl ethanolamide"	"Group"	"Severe"	-0.259698866227006	0.131794196892258	0.0518905284553326	0.182848324159691	"CPLM"	1.99	96	96	0	"HMDB0002100"
"HMDB0006294"	"16-hydroxypalmitate"	"Group"	"Severe"	0.213960076015633	0.109048033081628	0.0528785659672932	0.185380284384182	"CPLM"	1.99	96	96	0	"HMDB0006294"
"HMDB0000078"	"cys-gly, oxidized"	"Group"	"Severe"	-0.884335766706686	0.450909338249017	0.0529785763043646	0.185386586309705	"CPLM"	1.289	96	68	29	"HMDB0000078"
"HMDB0000874"	"tauroursodeoxycholate"	"Group"	"Severe"	1.5395799173068	0.787580906083034	0.0537425558389949	0.187399386899527	"CPLM"	1.803	96	73	24	"HMDB0000874"
"HMDB0000450"	"5-hydroxylysine"	"Group"	"Severe"	-0.534423762367684	0.274280825620765	0.0545110631170705	0.18892190367971	"CPLM"	1.99	96	96	0	"HMDB0000450"
"HMDB0000497"	"5,6-dihydrouridine"	"Group"	"Severe"	0.387850061006658	0.19935668894268	0.0548698837895708	0.189933756068085	"CPLM"	1.99	96	96	0	"HMDB0000497"
"HMDB0000323"	"3-amino-2-piperidone"	"Group"	"Severe"	-0.273552827096515	0.141251207684299	0.055961841818205	0.191185467096853	"CPLM"	1.99	96	96	0	"HMDB0000323"
"HMDB0013713"	"N-acetyltryptophan"	"Group"	"Severe"	-0.361456515504915	0.18843323987419	0.0582890209324424	0.196482754497663	"CPLM"	1.99	96	96	0	"HMDB0013713"
"HMDB0000248"	"thyroxine"	"Group"	"Severe"	-0.236830471024376	0.123501939904423	0.0583655423994274	0.196595177579136	"CPLM"	1.029	96	96	0	"HMDB0000248"
"HMDB0001301"	"S-1-pyrroline-5-carboxylate"	"Group"	"Severe"	-0.189630351621924	0.0997874237356836	0.0606252963591882	0.202113908945639	"CPLM"	1.737	96	96	0	"HMDB0001301"
"HMDB0007973"	"1-palmitoyl-2-linoleoyl-GPC (16:0/18:2)"	"Group"	"Severe"	0.126205314710703	0.0665952982926352	0.061324143760384	0.203549672510779	"CPLM"	1.99	96	96	0	"HMDB0007973"
"HMDB0005065"	"oleoylcarnitine (C18:1)"	"Group"	"Severe"	0.265700624922902	0.140864995658618	0.0625280061328952	0.205597501753939	"CPLM"	1.99	96	96	0	"HMDB0005065"
"HMDB0000714"	"hippurate"	"Group"	"Severe"	-0.77307485191621	0.410634983827515	0.0630170805634912	0.206071489348681	"CPLM"	1.99	96	96	0	"HMDB0000714"
"HMDB0001276"	"N(1)-acetylspermidine"	"Group"	"Severe"	0.531367979913623	0.28272762321785	0.0634573773131388	0.206713087470697	"CPLM"	1.718	96	94	2	"HMDB0001276"
"HMDB0240579"	"5alpha-pregnan-3beta,20beta-diol monosulfate (1)"	"Group"	"Severe"	0.587637392024164	0.313722484441237	0.0643352818147533	0.208825996710183	"CPLM"	1.672	96	93	3	"HMDB0240579"
"HMDB0000036"	"taurocholate"	"Group"	"Severe"	1.41489346612313	0.765417546770749	0.067847004895616	0.217095547916071	"CPLM"	1.832	96	87	9	"HMDB0000036"
"HMDB0000127"	"glucuronate"	"Group"	"Severe"	0.492681575363083	0.267514545582438	0.0688497443429424	0.218648351281562	"CPLM"	1.99	96	96	0	"HMDB0000127"
"HMDB0032055"	"N-acetylhistidine"	"Group"	"Severe"	-0.544078332911873	0.297375248328249	0.0706576928304723	0.223454953576369	"CPLM"	1.135	96	82	15	"HMDB0032055"
"HMDB0000826"	"pentadecanoate (15:0)"	"Group"	"Severe"	-0.198130476556436	0.109722368971611	0.0743391722963457	0.231243572839862	"CPLM"	1.99	96	96	0	"HMDB0000826"
"HMDB0011103"	"1,7-dimethylurate"	"Group"	"Severe"	-1.5729260975603	0.874372284096548	0.0754209094559542	0.233432343922754	"CPLM"	1.427	96	28	71	"HMDB0011103"
"HMDB0000791"	"octanoylcarnitine (C8)"	"Group"	"Severe"	0.382190166915408	0.215486041554768	0.0795466684426854	0.242473579710836	"CPLM"	1.99	96	96	0	"HMDB0000791"
"HMDB0008928"	"1-palmitoyl-2-linoleoyl-GPE (16:0/18:2)"	"Group"	"Severe"	0.301251635983293	0.17056225519216	0.0807867359222984	0.245105126842203	"CPLM"	1.99	96	96	0	"HMDB0008928"
"HMDB0000539"	"arabonate/xylonate"	"Group"	"Severe"	0.344080507298381	0.196837164015748	0.0839045422790482	0.251382424696569	"CPLM"	1.99	96	96	0	"HMDB0000539"
"HMDB0002759"	"androsterone sulfate"	"Group"	"Severe"	0.352879477609766	0.2034076945644	0.0862312147376266	0.255392323762722	"CPLM"	1.575	96	96	0	"HMDB0002759"
"HMDB0009003"	"1-stearoyl-2-arachidonoyl-GPE (18:0/20:4)"	"Group"	"Severe"	0.24617046911622	0.142183697895497	0.0868535720066095	0.255836745125575	"CPLM"	1.99	96	96	0	"HMDB0009003"
"HMDB0002931"	"N-acetylserine"	"Group"	"Severe"	0.314502191176211	0.181740493226828	0.08700664811949	0.255836745125575	"CPLM"	1.99	96	96	0	"HMDB0002931"
"HMDB0002039"	"2-pyrrolidinone"	"Group"	"Severe"	-0.333664528034526	0.193843789048307	0.0886696727462364	0.258302153651078	"CPLM"	1.414	96	93	3	"HMDB0002039"
"HMDB0001886"	"3-methylxanthine"	"Group"	"Severe"	-1.36185370969117	0.797745353114018	0.0912848267878497	0.261644121980157	"CPLM"	1.306	96	32	67	"HMDB0001886"
"HMDB0240263"	"hydroquinone sulfate"	"Group"	"Severe"	0.952018490603023	0.557708074011011	0.091305168535993	0.261644121980157	"CPLM"	1.511	96	58	40	"HMDB0240263"
"HMDB0240628"	"1-carboxyethylphenylalanine"	"Group"	"Severe"	0.296711212895309	0.178088685063767	0.0992121452943905	0.276337681755752	"CPLM"	1.99	96	96	0	"HMDB0240628"
"HMDB0011756"	"N-acetylleucine"	"Group"	"Severe"	-0.165347624639895	0.100580880536888	0.103719398463871	0.286092150578116	"CPLM"	1.99	96	96	0	"HMDB0011756"
"HMDB0000512"	"N-acetylphenylalanine"	"Group"	"Severe"	0.260554926754703	0.158784760412751	0.104341162409032	0.28745895560238	"CPLM"	1.99	96	96	0	"HMDB0000512"
"HMDB0002201"	"carboxyethyl-GABA"	"Group"	"Severe"	0.222256165334899	0.136059755571722	0.10589279587223	0.289426137340431	"CPLM"	1.99	96	96	0	"HMDB0002201"
"HMDB0000157"	"hypoxanthine"	"Group"	"Severe"	0.395090724663007	0.241680155789142	0.105630240531259	0.289426137340431	"CPLM"	1.99	96	96	0	"HMDB0000157"
"HMDB0000965"	"hypotaurine"	"Group"	"Severe"	-0.393444750562692	0.242496027158925	0.108238027287534	0.294212038859866	"CPLM"	1.352	96	92	4	"HMDB0000965"
"HMDB0060649"	"ascorbic acid 2-sulfate"	"Group"	"Severe"	-0.36960722712369	0.228086838845364	0.108669927358064	0.29492422478464	"CPLM"	1.99	96	96	0	"HMDB0060649"
"HMDB0002259"	"margarate (17:0)"	"Group"	"Severe"	-0.18924701542122	0.116917006318418	0.109062469621742	0.29581327376856	"CPLM"	1.99	96	96	0	"HMDB0002259"
"HMDB0240651"	"6-hydroxyindole sulfate"	"Group"	"Severe"	-0.469008213684681	0.28998842012959	0.109345184309292	0.296227227450634	"CPLM"	1.512	96	92	4	"HMDB0240651"
"HMDB0061714"	"docosadienoate (22:2n6)"	"Group"	"Severe"	-0.332417942815668	0.206143565568705	0.110381696269445	0.298083663366808	"CPLM"	1.99	96	96	0	"HMDB0061714"
"HMDB0000854"	"formiminoglutamate"	"Group"	"Severe"	0.928834307406555	0.581694879985321	0.113861228637237	0.303598898371109	"CPLM"	1.364	96	40	58	"HMDB0000854"
"HMDB0001325"	"N6,N6,N6-trimethyllysine"	"Group"	"Severe"	-0.3433136137346	0.214964165059923	0.11379398376736	0.303598898371109	"CPLM"	1.99	96	96	0	"HMDB0001325"
"HMDB0003229"	"palmitoleate (16:1n7)"	"Group"	"Severe"	0.33491965939413	0.209632165596496	0.113664583812256	0.303598898371109	"CPLM"	1.99	96	96	0	"HMDB0003229"
"HMDB0000564"	"1,2-dipalmitoyl-GPC (16:0/16:0)"	"Group"	"Severe"	0.187720565372102	0.117960861673266	0.11506994027644	0.305734252053039	"CPLM"	1.99	96	96	0	"HMDB0000564"
"HMDB0000158"	"tyrosine"	"Group"	"Severe"	0.173779271880335	0.10952388454357	0.116132018967581	0.306846421803751	"CPLM"	1.99	96	96	0	"HMDB0000158"
"HMDB0000208"	"alpha-ketoglutarate"	"Group"	"Severe"	-0.55229808146206	0.349283046874796	0.117372147513676	0.309145610050481	"CPLM"	1.99	96	96	0	"HMDB0000208"
"HMDB0000067"	"cholesterol"	"Group"	"Severe"	0.109723394721918	0.0696119413725484	0.118524330468898	0.310921544329125	"CPLM"	1.99	96	96	0	"HMDB0000067"
"HMDB0061864"	"dihomolinoleate (20:2n6)"	"Group"	"Severe"	-0.270553088656378	0.172294608497835	0.11989547174725	0.312538052854594	"CPLM"	1.99	96	96	0	"HMDB0061864"
"HMDB0029377"	"piperine"	"Group"	"Severe"	-1.49118209254313	0.956527482557803	0.122556349346202	0.317656013046445	"CPLM"	1.578	96	29	70	"HMDB0029377"
"HMDB0000138"	"glycocholate"	"Group"	"Severe"	0.807873919284352	0.523478639610757	0.126311313468307	0.324068575512491	"CPLM"	1.99	96	96	0	"HMDB0000138"
"HMDB0012881"	"N-acetylcarnosine"	"Group"	"Severe"	0.320339225431361	0.207631646847633	0.126421652592344	0.324169034856721	"CPLM"	1.605	96	95	1	"HMDB0012881"
"HMDB0002757"	"3-sulfo-L-alanine"	"Group"	"Severe"	0.193485697541949	0.127830835924661	0.133668685188997	0.334672961659274	"CPLM"	1.031	96	96	0	"HMDB0002757"
"HMDB0000064"	"creatine"	"Group"	"Severe"	-0.368896318322068	0.245588447749969	0.136613350277106	0.338762986053247	"CPLM"	1.99	96	96	0	"HMDB0000064"
"HMDB0000688"	"isovalerylcarnitine (C5)"	"Group"	"Severe"	0.390990506929197	0.260322540858712	0.136650769736455	0.338762986053247	"CPLM"	1.736	96	95	1	"HMDB0000688"
"HMDB0000094"	"citrate"	"Group"	"Severe"	-0.448535989210952	0.305592072390605	0.14569451685669	0.351798955336886	"CPLM"	1.99	96	96	0	"HMDB0000094"
"HMDB0001954"	"3-hydroxyoctanoate"	"Group"	"Severe"	0.249923578868726	0.171823146938135	0.149314530134574	0.3576950921793	"CPLM"	1.99	96	96	0	"HMDB0001954"
"HMDB0041623"	"N6-carbamoylthreonyladenosine"	"Group"	"Severe"	0.425490144701219	0.297245433507002	0.155805365830401	0.36801744605376	"CPLM"	1.701	96	94	2	"HMDB0041623"
"HMDB0062557"	"N-acetylthreonine"	"Group"	"Severe"	0.211939752926035	0.148874670011637	0.158055217717959	0.372060627966391	"CPLM"	1.99	96	96	0	"HMDB0062557"
"HMDB0001844"	"methylsuccinate"	"Group"	"Severe"	0.175969043320042	0.124633356171687	0.161468099158398	0.376703751827534	"CPLM"	1.99	96	96	0	"HMDB0001844"
"HMDB0006248"	"gamma-glutamylalanine"	"Group"	"Severe"	-0.196444869762011	0.13958672709185	0.162811849148218	0.378584222265829	"CPLM"	1.025	96	94	2	"HMDB0006248"
"HMDB0000689"	"isocaproate (i6:0)"	"Group"	"Severe"	-0.457018852707097	0.325937742445069	0.164343946105914	0.380682772414209	"CPLM"	1.534	96	92	4	"HMDB0000689"
"HMDB0000666"	"heptanoate (7:0)"	"Group"	"Severe"	-0.130286167967054	0.0933173072719226	0.166138190446067	0.383085224957666	"CPLM"	1.99	96	96	0	"HMDB0000666"
"HMDB0003045"	"ergothioneine"	"Group"	"Severe"	0.68733185426462	0.493453948477766	0.167119794840501	0.384569755282286	"CPLM"	1.552	96	71	26	"HMDB0003045"
"HMDB0000718"	"isovalerate (C5)"	"Group"	"Severe"	0.146527912761214	0.106412456955923	0.171971896100697	0.390543285420324	"CPLM"	1.547	96	96	0	"HMDB0000718"
"HMDB0061112"	"3-carboxy-4-methyl-5-propyl-2-furanpropanoate (CMPF)"	"Group"	"Severe"	-0.437625759517306	0.31824730832799	0.172548413242692	0.39113264007328	"CPLM"	1.99	96	96	0	"HMDB0061112"
"HMDB0033844"	"beta-cryptoxanthin"	"Group"	"Severe"	-0.427241067354351	0.312668610543998	0.175245102436973	0.39566990406444	"CPLM"	1.659	96	94	2	"HMDB0033844"
"HMDB0006695"	"prolylhydroxyproline"	"Group"	"Severe"	-0.368461088232036	0.271149592686509	0.1776169212651	0.398593492901109	"CPLM"	1.99	96	96	0	"HMDB0006695"
"HMDB0000893"	"suberate (C8-DC)"	"Group"	"Severe"	0.258766834537293	0.190700060437144	0.178234721995447	0.39922372348778	"CPLM"	1.99	96	96	0	"HMDB0000893"
"HMDB0000479"	"3-methylhistidine"	"Group"	"Severe"	-0.651620106518039	0.48181933800412	0.179668638763836	0.400690979887614	"CPLM"	1.457	96	74	23	"HMDB0000479"
"HMDB0000686"	"isoursodeoxycholate"	"Group"	"Severe"	-0.56145193161568	0.415075706615384	0.179594233977701	0.400690979887614	"CPLM"	1.765	96	92	4	"HMDB0000686"
"HMDB0001388"	"linolenate (18:3n3 or 3n6)"	"Group"	"Severe"	0.309163894811983	0.228593839840677	0.179654754637904	0.400690979887614	"CPLM"	1.99	96	96	0	"HMDB0001388"
"HMDB0000847"	"pelargonate (9:0)"	"Group"	"Severe"	0.108989202535777	0.081713232272129	0.185672358356985	0.409666627886487	"CPLM"	1.99	96	96	0	"HMDB0000847"
"HMDB0011171"	"gamma-glutamylleucine"	"Group"	"Severe"	-0.127819563895119	0.096629414919702	0.189297001219081	0.413061113345325	"CPLM"	1.99	96	96	0	"HMDB0011171"
"HMDB0009809"	"1-stearoyl-2-linoleoyl-GPI (18:0/18:2)"	"Group"	"Severe"	0.148092127896564	0.11221360144886	0.190308467385141	0.41376949621029	"CPLM"	1.99	96	96	0	"HMDB0009809"
"HMDB0001860"	"paraxanthine"	"Group"	"Severe"	-0.812242462489639	0.619309057600724	0.193052068032548	0.418049984698157	"CPLM"	1.394	96	42	56	"HMDB0001860"
"HMDB0001173"	"5-methylthioadenosine (MTA)"	"Group"	"Severe"	-0.260139220964553	0.198475391926746	0.193335499351935	0.418265968669221	"CPLM"	1.654	96	95	1	"HMDB0001173"
"HMDB0003518"	"2-methylcitrate/homocitrate"	"Group"	"Severe"	0.232726848282652	0.177616531416397	0.193473725651482	0.418366261451495	"CPLM"	1.512	96	95	1	"HMDB0003518"
"HMDB0004827"	"stachydrine"	"Group"	"Severe"	0.378344672502787	0.293419657740513	0.200588926677152	0.425073044247441	"CPLM"	1.99	96	96	0	"HMDB0004827"
"HMDB0240627"	"1-carboxyethylvaline"	"Group"	"Severe"	-0.191151442570533	0.14831261438555	0.200793273968142	0.425192907042691	"CPLM"	1.99	96	96	0	"HMDB0240627"
"HMDB0000671"	"indolelactate"	"Group"	"Severe"	-0.222873954553142	0.173691047972946	0.202766223194946	0.427894986297398	"CPLM"	1.99	96	96	0	"HMDB0000671"
"HMDB0000477"	"hexadecadienoate (16:2n6)"	"Group"	"Severe"	0.235713687396271	0.184035270470846	0.203589041952446	0.429133331033071	"CPLM"	1.99	96	96	0	"HMDB0000477"
"HMDB0240347"	"N6-carboxymethyllysine"	"Group"	"Severe"	-0.237114918791344	0.186379511890838	0.206610494934432	0.433197142694016	"CPLM"	1.178	96	92	4	"HMDB0240347"
"HMDB0002226"	"adrenate (22:4n6)"	"Group"	"Severe"	-0.296995221577043	0.235112226116907	0.209814313399874	0.436897294569284	"CPLM"	1.469	96	94	2	"HMDB0002226"
"HMDB0003320"	"indole-3-carboxylate"	"Group"	"Severe"	0.119062503744465	0.0944500271989232	0.210752448300837	0.438249611672152	"CPLM"	1.99	96	96	0	"HMDB0003320"
"HMDB0002994"	"erythritol"	"Group"	"Severe"	0.465526470475988	0.370062981458594	0.211694694801116	0.439406399327384	"CPLM"	1.807	96	95	1	"HMDB0002994"
"HMDB0000511"	"caprate (10:0)"	"Group"	"Severe"	0.4339015786065	0.348903486811419	0.216907102410989	0.446561909755716	"CPLM"	1.99	96	96	0	"HMDB0000511"
"HMDB0000951"	"taurochenodeoxycholate"	"Group"	"Severe"	0.705289874883601	0.572494940536339	0.221209645323149	0.452149337882236	"CPLM"	1.99	96	96	0	"HMDB0000951"
"HMDB0240253"	"N-acetyltaurine"	"Group"	"Severe"	-0.41097392371237	0.334582693228423	0.222565978342962	0.453931524495387	"CPLM"	1.99	96	96	0	"HMDB0240253"
"HMDB0001406"	"nicotinamide"	"Group"	"Severe"	0.196195976355191	0.160872563407551	0.22584859830901	0.458953376483369	"CPLM"	1.99	96	96	0	"HMDB0001406"
"HMDB0000766"	"N-acetylalanine"	"Group"	"Severe"	0.119686811629449	0.0996347933832654	0.232839276583037	0.467333300925152	"CPLM"	1.99	96	96	0	"HMDB0000766"
"HMDB0000139"	"glycerate"	"Group"	"Severe"	-0.109544819268112	0.091493745205878	0.234371626309629	0.468743252619258	"CPLM"	1.99	96	96	0	"HMDB0000139"
"HMDB0000898"	"1-methylhistamine"	"Group"	"Severe"	-0.897184796423633	0.75360818173406	0.23700824997995	0.472298307822114	"CPLM"	1.114	96	28	71	"HMDB0000898"
"HMDB0059724"	"catechol sulfate"	"Group"	"Severe"	-0.493739969330144	0.415466554825508	0.237837798928707	0.47310338819743	"CPLM"	1.736	96	93	3	"HMDB0059724"
"HMDB0011741"	"gamma-glutamyltyrosine"	"Group"	"Severe"	0.157851940886865	0.132845794174559	0.237902230779999	0.47310338819743	"CPLM"	1.99	96	96	0	"HMDB0011741"
"HMDB0013678"	"4-hydroxyhippurate"	"Group"	"Severe"	-0.504364722022346	0.424721328515881	0.238182604126681	0.473454203052337	"CPLM"	1.99	96	96	0	"HMDB0013678"
"HMDB0001032"	"dehydroepiandrosterone sulfate (DHEA-S)"	"Group"	"Severe"	0.183521035207139	0.15476598730086	0.238858716065956	0.473859966542347	"CPLM"	1.439	96	96	0	"HMDB0001032"
"HMDB0240645"	"gamma-glutamyl-2-aminobutyrate"	"Group"	"Severe"	0.220471675971198	0.18704478906699	0.24165515783726	0.47764652291271	"CPLM"	1.467	96	95	1	"HMDB0240645"
"HMDB0004704"	"9,10-DiHOME"	"Group"	"Severe"	-0.499962872676132	0.425560382568449	0.2431947751734	0.479036698151102	"CPLM"	1.781	96	94	2	"HMDB0004704"
"HMDB0000034"	"adenine"	"Group"	"Severe"	0.292489267868364	0.249266195598966	0.243765652778361	0.479943269672571	"CPLM"	1.258	96	88	8	"HMDB0000034"
"HMDB0062782"	"pregnanolone/allopregnanolone sulfate"	"Group"	"Severe"	0.569405307007216	0.485702016838043	0.244191217335156	0.480158378127937	"CPLM"	1.387	96	65	32	"HMDB0062782"
"HMDB0002271"	"imidazole propionate"	"Group"	"Severe"	0.358733598334846	0.306597353676348	0.245105387716197	0.481540093036911	"CPLM"	1.99	96	96	0	"HMDB0002271"
"HMDB0000148"	"glutamate"	"Group"	"Severe"	-0.124346362339589	0.106517354504127	0.24617453253649	0.483015433507616	"CPLM"	1.99	96	96	0	"HMDB0000148"
"HMDB0000043"	"betaine"	"Group"	"Severe"	-0.132051865432615	0.113587425594363	0.248117113691815	0.485341055867249	"CPLM"	1.99	96	96	0	"HMDB0000043"
"HMDB0000396"	"3-hydroxy-2-ethylpropionate"	"Group"	"Severe"	0.121822614906858	0.105401359726351	0.250857398829501	0.488415816275992	"CPLM"	1.99	96	96	0	"HMDB0000396"
"HMDB0010351"	"11beta-hydroxyandrosterone glucuronide"	"Group"	"Severe"	0.371026981519832	0.321500468545075	0.251570045067448	0.488535732222716	"CPLM"	1.505	96	89	7	"HMDB0010351"
"HMDB0000715"	"kynurenate"	"Group"	"Severe"	0.592881046440158	0.524146323650339	0.261036438467161	0.498431840997674	"CPLM"	1.99	96	96	0	"HMDB0000715"
"HMDB0000230"	"N-acetylneuraminate"	"Group"	"Severe"	0.285433380561373	0.253231325852988	0.262702686903191	0.500564031864909	"CPLM"	1.99	96	96	0	"HMDB0000230"
"HMDB0000996"	"cysteine sulfinic acid"	"Group"	"Severe"	0.0883908006994031	0.0786959953391558	0.264376185891942	0.502747797398935	"CPLM"	1.011	96	96	0	"HMDB0000996"
"HMDB0000913"	"vanillactate"	"Group"	"Severe"	0.723076544554686	0.647578720090041	0.267177356822202	0.505915496422158	"CPLM"	1.535	96	66	31	"HMDB0000913"
"HMDB0000355"	"3-hydroxy-3-methylglutarate"	"Group"	"Severe"	0.231020720671084	0.207832800693783	0.269316819661228	0.507434338741097	"CPLM"	1.99	96	96	0	"HMDB0000355"
"HMDB0240296"	"C-glycosyltryptophan"	"Group"	"Severe"	-0.262307074088649	0.236204887784912	0.269772090744643	0.507871889727617	"CPLM"	1.99	96	96	0	"HMDB0240296"
"HMDB0004044"	"N6-methyladenosine"	"Group"	"Severe"	0.0961234279815745	0.086798735808903	0.271092590248835	0.508725038607867	"CPLM"	1.579	96	96	0	"HMDB0004044"
"HMDB0009784"	"1-palmitoyl-2-linoleoyl-GPI (16:0/18:2)"	"Group"	"Severe"	0.162842224052674	0.149508907618353	0.279014632584369	0.516320816975355	"CPLM"	1.038	96	91	5	"HMDB0009784"
"HMDB0240607"	"glycohyocholate"	"Group"	"Severe"	-0.483885511987198	0.447205401619886	0.282166323918496	0.519605919581412	"CPLM"	1.458	96	74	23	"HMDB0240607"
"HMDB0170765"	"4-allylphenol sulfate"	"Group"	"Severe"	-0.568958679094288	0.527670585306083	0.283837739336087	0.520998413920411	"CPLM"	1.792	96	92	4	"HMDB0170765"
"HMDB0000682"	"3-indoxyl sulfate"	"Group"	"Severe"	-0.278323629129567	0.25865573755382	0.284818162180072	0.522166630663465	"CPLM"	1.651	96	95	1	"HMDB0000682"
"HMDB0000574"	"cysteine"	"Group"	"Severe"	0.122575946805305	0.113986407419318	0.285122057067807	0.52235401309829	"CPLM"	1.99	96	96	0	"HMDB0000574"
"HMDB0240585"	"cis-4-decenoylcarnitine (C10:1)"	"Group"	"Severe"	0.198490389257984	0.185962187437489	0.288691710616818	0.526934689438472	"CPLM"	1.99	96	96	0	"HMDB0240585"
"HMDB0008038"	"1-stearoyl-2-oleoyl-GPC (18:0/18:1)"	"Group"	"Severe"	-0.106711067130613	0.100135488070591	0.289456768983546	0.52699284116701	"CPLM"	1.99	96	96	0	"HMDB0008038"
"HMDB0062775"	"4-vinylphenol sulfate"	"Group"	"Severe"	-0.327008369947703	0.306730920047577	0.289258295560517	0.52699284116701	"CPLM"	1.99	96	96	0	"HMDB0062775"
"HMDB0002013"	"butyrylcarnitine (C4)"	"Group"	"Severe"	0.376806343111918	0.35340489815395	0.289209382697895	0.52699284116701	"CPLM"	1.687	96	93	3	"HMDB0002013"
"HMDB0000767"	"pseudouridine"	"Group"	"Severe"	0.201662109474815	0.191515417087242	0.29520009797721	0.533892472672046	"CPLM"	1.99	96	96	0	"HMDB0000767"
"HMDB0002825"	"theobromine"	"Group"	"Severe"	-0.821303060864423	0.787024783274504	0.299517936576328	0.538919274266534	"CPLM"	1.513	96	37	61	"HMDB0002825"
"HMDB0001999"	"eicosapentaenoate (EPA; 20:5n3)"	"Group"	"Severe"	-0.320759942588888	0.308490702895681	0.30126241505645	0.540231163083619	"CPLM"	1.99	96	96	0	"HMDB0001999"
"HMDB0000267"	"5-oxoproline"	"Group"	"Severe"	0.0696422461720399	0.0680022058445965	0.308555372465294	0.548034776211758	"CPLM"	1.99	96	96	0	"HMDB0000267"
"HMDB0000907"	"lithocholate sulfate (1)"	"Group"	"Severe"	-0.802049826340882	0.784651584357018	0.309469368368166	0.548490670631864	"CPLM"	1.545	96	48	50	"HMDB0000907"
"HMDB0000660"	"fructose"	"Group"	"Severe"	0.112783321193291	0.110515199086747	0.310246479913006	0.548761042400675	"CPLM"	1.019	96	96	0	"HMDB0000660"
"HMDB0007869"	"1-myristoyl-2-palmitoyl-GPC (14:0/16:0)"	"Group"	"Severe"	-0.290257957333459	0.286266188411613	0.313357939757841	0.551829875350815	"CPLM"	1.174	96	86	10	"HMDB0007869"
"HMDB0001161"	"deoxycarnitine"	"Group"	"Severe"	-0.162863666260188	0.162080064298506	0.317700643514252	0.556250953696233	"CPLM"	1.99	96	96	0	"HMDB0001161"
"HMDB0000678"	"isovalerylglycine"	"Group"	"Severe"	-0.0885598024794803	0.0882684687605805	0.318435912759188	0.556895985677934	"CPLM"	1.99	96	96	0	"HMDB0000678"
"HMDB0061705"	"6-oxopiperidine-2-carboxylate"	"Group"	"Severe"	0.368779460314312	0.368884084884533	0.320158138292086	0.558620751640674	"CPLM"	1.605	96	91	5	"HMDB0061705"
"HMDB0000187"	"serine"	"Group"	"Severe"	-0.0776617942859114	0.0784263050676205	0.32473564587352	0.564014542832955	"CPLM"	1.99	96	96	0	"HMDB0000187"
"HMDB0059655"	"2-hydroxyglutarate"	"Group"	"Severe"	0.188242534425648	0.193167577115183	0.332447738335569	0.573907126755186	"CPLM"	1.043	96	93	3	"HMDB0059655"
"HMDB0001847"	"caffeine"	"Group"	"Severe"	-0.641674562514629	0.66156225221159	0.334705847758762	0.576930518809009	"CPLM"	1.617	96	54	44	"HMDB0001847"
"HMDB0000099"	"cystathionine"	"Group"	"Severe"	-0.316491045379327	0.330150845241057	0.340344370325803	0.580147028594294	"CPLM"	1.99	96	96	0	"HMDB0000099"
"HMDB0034879"	"fructosyllysine"	"Group"	"Severe"	-0.102638815569973	0.106727361536409	0.338810073476097	0.580147028594294	"CPLM"	1.367	96	96	0	"HMDB0034879"
"HMDB0240666"	"pimeloylcarnitine/3-methyladipoylcarnitine (C7-DC)"	"Group"	"Severe"	0.32688433799533	0.341183068154392	0.340612471056039	0.580147028594294	"CPLM"	1.312	96	78	19	"HMDB0240666"
"HMDB0008048"	"1-stearoyl-2-arachidonoyl-GPC (18:0/20:4)"	"Group"	"Severe"	-0.101026782573514	0.105990239018371	0.34308523965956	0.582337003879849	"CPLM"	1.616	96	96	0	"HMDB0008048"
"HMDB0000161"	"alanine"	"Group"	"Severe"	-0.0589446511744728	0.0618356021414053	0.34304636819869	0.582337003879849	"CPLM"	1.99	96	96	0	"HMDB0000161"
"HMDB0001200"	"N-formylkynurenine"	"Group"	"Severe"	0.171218926710165	0.180395293849225	0.345123737801184	0.584925010028505	"CPLM"	1.99	96	96	0	"HMDB0001200"
"HMDB0000782"	"octadecanedioate (C18)"	"Group"	"Severe"	0.25719469506695	0.271765176930996	0.346514286122321	0.586742882811777	"CPLM"	1.671	96	95	1	"HMDB0000782"
"HMDB0000482"	"caprylate (8:0)"	"Group"	"Severe"	0.389458443092877	0.412808332867401	0.348011738752639	0.588172854332865	"CPLM"	1.99	96	96	0	"HMDB0000482"
"HMDB0029412"	"betonicine"	"Group"	"Severe"	0.517524510527624	0.552921469129652	0.35181529351639	0.5927365322507	"CPLM"	1.604	96	60	38	"HMDB0029412"
"HMDB0000402"	"2-isopropylmalate"	"Group"	"Severe"	-0.229768721771512	0.246476299398825	0.353747834843537	0.594672439969535	"CPLM"	1.571	96	94	2	"HMDB0000402"
"HMDB0001889"	"theophylline"	"Group"	"Severe"	-0.762496431987385	0.81793701109173	0.353745394862532	0.594672439969535	"CPLM"	1.598	96	48	50	"HMDB0001889"
"HMDB0240209"	"chiro-inositol"	"Group"	"Severe"	0.551442308986394	0.593310566548691	0.355178882486536	0.596637635870042	"CPLM"	1.464	96	40	58	"HMDB0240209"
"HMDB0062562"	"trans-urocanate"	"Group"	"Severe"	0.267347538111066	0.289855696391427	0.358841262396534	0.600795260644786	"CPLM"	1.276	96	89	7	"HMDB0062562"
"HMDB0000220"	"palmitate (16:0)"	"Group"	"Severe"	-0.095454346589384	0.104282148076846	0.362482953641045	0.604669366623194	"CPLM"	1.99	96	96	0	"HMDB0000220"
"HMDB0000254"	"succinate"	"Group"	"Severe"	0.148510973222027	0.162791780524476	0.364088175228444	0.605793770548168	"CPLM"	1.99	96	96	0	"HMDB0000254"
"HMDB0240624"	"4-hydroxychlorothalonil"	"Group"	"Severe"	-0.293223033933002	0.324423135326419	0.368526048190213	0.611229704435035	"CPLM"	1.264	96	79	18	"HMDB0240624"
"HMDB0000896"	"taurodeoxycholate"	"Group"	"Severe"	-0.524957454902268	0.584875984158554	0.371845293732194	0.61354473465812	"CPLM"	1.631	96	70	27	"HMDB0000896"
"HMDB0000192"	"cystine"	"Group"	"Severe"	-0.10320357710769	0.11709996361512	0.380513792575864	0.62265893330596	"CPLM"	1.05	96	95	1	"HMDB0000192"
"HMDB0061880"	"N-acetyl-beta-alanine"	"Group"	"Severe"	0.116324630849174	0.134498017410643	0.389429930075632	0.630652697297316	"CPLM"	1.105	96	94	2	"HMDB0061880"
"HMDB0000317"	"2-hydroxy-3-methylvalerate"	"Group"	"Severe"	-0.151760068112692	0.176097166166575	0.391115097860559	0.631833329427806	"CPLM"	1.99	96	96	0	"HMDB0000317"
"HMDB0001008"	"biliverdin"	"Group"	"Severe"	-0.622823700729026	0.736878402383184	0.400255056437337	0.642496132187393	"CPLM"	1.543	96	61	36	"HMDB0001008"
"HMDB0011568"	"1-linoleoylglycerol (18:2)"	"Group"	"Severe"	-0.237266822152345	0.284148639276534	0.405948244472907	0.647753435644576	"CPLM"	1.99	96	96	0	"HMDB0011568"
"HMDB0062735"	"(R)-3-hydroxybutyrylcarnitine"	"Group"	"Severe"	0.62094770693845	0.747843969143689	0.408581258516798	0.649190567059811	"CPLM"	1.489	96	42	56	"HMDB0062735"
"HMDB0000453"	"5-hydroxyhexanoate"	"Group"	"Severe"	0.124541999302785	0.15393022893805	0.420626338829971	0.659523373867924	"CPLM"	1.138	96	94	2	"HMDB0000453"
"HMDB0029200"	"ferulic acid 4-sulfate"	"Group"	"Severe"	-0.357385387077174	0.442333451355314	0.421270949032311	0.65986410703817	"CPLM"	1.429	96	68	29	"HMDB0029200"
"HMDB0002064"	"N-acetylputrescine"	"Group"	"Severe"	-0.113997414931864	0.144569926573784	0.432483378199589	0.66899772565249	"CPLM"	1.99	96	96	0	"HMDB0002064"
"HMDB0007982"	"1-palmitoyl-2-arachidonoyl-GPC (16:0/20:4n6)"	"Group"	"Severe"	0.0772663818095159	0.0995185350661766	0.439570214526622	0.675599985472237	"CPLM"	1.486	96	96	0	"HMDB0007982"
"HMDB0062164"	"thioproline"	"Group"	"Severe"	0.225964488295582	0.29163706370927	0.440503230514833	0.676240557737374	"CPLM"	1.712	96	94	2	"HMDB0062164"
"HMDB0062715"	"N-acetyl-2-aminoadipate"	"Group"	"Severe"	0.392311537165653	0.510396864955361	0.444141825786337	0.679416148683567	"CPLM"	1.162	96	58	40	"HMDB0062715"
"HMDB0002199"	"3-(4-hydroxyphenyl)propionate"	"Group"	"Severe"	-0.553915325699066	0.724367140420029	0.446479815247104	0.68116217039709	"CPLM"	1.299	96	33	66	"HMDB0002199"
"HMDB0000054"	"bilirubin"	"Group"	"Severe"	-0.462067840353369	0.605010667582822	0.447045101067181	0.681456357371573	"CPLM"	1.689	96	84	12	"HMDB0000054"
"HMDB0006061"	"4-hydroxyphenylacetylglutamine"	"Group"	"Severe"	0.58840232789049	0.775957207576142	0.450279410485827	0.685122764902257	"CPLM"	1.609	96	43	55	"HMDB0006061"
"HMDB0008057"	"1-stearoyl-2-docosahexaenoyl-GPC (18:0/22:6)"	"Group"	"Severe"	-0.0916882522815901	0.122056682940913	0.454517613721069	0.688372338337053	"CPLM"	1.99	96	96	0	"HMDB0008057"
"HMDB0000892"	"valerate (5:0)"	"Group"	"Severe"	0.206755866002083	0.278363681053786	0.459586347765995	0.692344104441396	"CPLM"	1.34	96	89	7	"HMDB0000892"
"HMDB0000933"	"dodecanedioate (C12)"	"Group"	"Severe"	-0.182311931576257	0.247982052824099	0.464161595764172	0.696242393646259	"CPLM"	1.255	96	91	5	"HMDB0000933"
"HMDB0000812"	"N-acetylaspartate (NAA)"	"Group"	"Severe"	0.151453866176936	0.207793807784179	0.467997220168453	0.700380986081872	"CPLM"	1.99	96	96	0	"HMDB0000812"
"HMDB0000656"	"cysteine-glutathione disulfide"	"Group"	"Severe"	0.165941030029761	0.229357913880772	0.471268514105057	0.702372399466615	"CPLM"	1.241	96	92	4	"HMDB0000656"
"HMDB0002712"	"1,5-anhydroglucitol (1,5-AG)"	"Group"	"Severe"	-0.112897658549776	0.159131374972294	0.479892386555703	0.709324222599084	"CPLM"	1.372	96	96	0	"HMDB0002712"
"HMDB0000619"	"cholate"	"Group"	"Severe"	0.279445942380654	0.397500276982063	0.483885557655906	0.713605838589701	"CPLM"	1.827	96	95	1	"HMDB0000619"
"HMDB0010318"	"pregnanediol-3-glucuronide"	"Group"	"Severe"	0.262572022830542	0.373463334100389	0.483845294461524	0.713605838589701	"CPLM"	1.442	96	85	11	"HMDB0010318"
"HMDB0000522"	"3-methylglutaconate"	"Group"	"Severe"	0.270274551610105	0.38759583267836	0.487426216403695	0.716738453181281	"CPLM"	1.99	96	96	0	"HMDB0000522"
"HMDB0000699"	"1-methylnicotinamide"	"Group"	"Severe"	0.28906106924192	0.428401962510987	0.50158835253921	0.730253630902674	"CPLM"	1.445	96	73	24	"HMDB0000699"
"HMDB0011567"	"1-oleoylglycerol (18:1)"	"Group"	"Severe"	-0.205926376367408	0.306172252637832	0.502954881356868	0.731074538684704	"CPLM"	1.731	96	95	1	"HMDB0011567"
"HMDB0240625"	"5alpha-androstan-3beta,17alpha-diol disulfate"	"Group"	"Severe"	-0.264332779850142	0.394967818193853	0.50506753009703	0.732438837159497	"CPLM"	1.304	96	70	27	"HMDB0240625"
"HMDB0000243"	"pyruvate"	"Group"	"Severe"	-0.248473237799015	0.373998497444175	0.508171435923256	0.735326245896301	"CPLM"	1.695	96	94	2	"HMDB0000243"
"HMDB0240626"	"1-carboxyethylleucine"	"Group"	"Severe"	-0.108170232893154	0.165616806849999	0.515352593300666	0.742168956284031	"CPLM"	1.525	96	95	1	"HMDB0240626"
"HMDB0002596"	"deoxycholic acid glucuronide"	"Group"	"Severe"	0.28536102313443	0.43697191269256	0.515412634690309	0.742168956284031	"CPLM"	1.561	96	79	18	"HMDB0002596"
"HMDB0000206"	"N6-acetyllysine"	"Group"	"Severe"	-0.0451563900496548	0.0713000834468293	0.528143143735584	0.754916470989282	"CPLM"	1.99	96	96	0	"HMDB0000206"
"HMDB0010320"	"cortolone glucuronide (1)"	"Group"	"Severe"	0.193917738336964	0.309806622629486	0.532961805457576	0.758708365756112	"CPLM"	1.147	96	87	9	"HMDB0010320"
"HMDB0000641"	"glutamine"	"Group"	"Severe"	-0.0448476874808555	0.0715692052860981	0.53250333336182	0.758708365756112	"CPLM"	1.835	96	96	0	"HMDB0000641"
"HMDB0011537"	"2-oleoylglycerol (18:1)"	"Group"	"Severe"	-0.176424861124293	0.284531551481439	0.536806767217643	0.76156218449186	"CPLM"	1.254	96	88	8	"HMDB0011537"
"HMDB0000062"	"carnitine"	"Group"	"Severe"	0.0640512738530202	0.104184636757708	0.540264593064197	0.763140495289812	"CPLM"	1.99	96	96	0	"HMDB0000062"
"HMDB0000321"	"2-hydroxyadipate"	"Group"	"Severe"	0.168711782000362	0.278984394446696	0.546893433010919	0.768689103065347	"CPLM"	1.095	96	87	9	"HMDB0000321"
"HMDB0059587"	"perfluorooctanoate (PFOA)"	"Group"	"Severe"	-0.136118113194141	0.225799937752052	0.54815736676734	0.769990329506005	"CPLM"	1.99	96	96	0	"HMDB0059587"
"HMDB0002820"	"1-methyl-4-imidazoleacetate"	"Group"	"Severe"	-0.150920136205262	0.25752989925223	0.55933892056552	0.777183863443679	"CPLM"	1.99	96	96	0	"HMDB0002820"
"HMDB0000156"	"malate"	"Group"	"Severe"	0.0744182281335506	0.129817658811068	0.567919743363251	0.780948587412421	"CPLM"	1.99	96	96	0	"HMDB0000156"
"HMDB0060015"	"phenol sulfate"	"Group"	"Severe"	0.140375942002504	0.246209068884318	0.570012932722577	0.781879185427295	"CPLM"	1.883	96	96	0	"HMDB0060015"
"HMDB0000001"	"1-methylhistidine"	"Group"	"Severe"	-0.106823136245042	0.189634663782332	0.574640181616756	0.784210784262123	"CPLM"	1.99	96	96	0	"HMDB0000001"
"HMDB0001257"	"spermidine"	"Group"	"Severe"	0.246053112316883	0.440163330866371	0.577562820671299	0.78615262749723	"CPLM"	1.308	96	72	25	"HMDB0001257"
"HMDB0000840"	"salicylate"	"Group"	"Severe"	0.154220210779408	0.277976502935879	0.580425935524045	0.7868512774431	"CPLM"	1.99	96	96	0	"HMDB0000840"
"HMDB0000210"	"pantothenate (Vitamin B5)"	"Group"	"Severe"	0.0757105793536273	0.137152247016968	0.582319211281419	0.788077767659906	"CPLM"	1.99	96	96	0	"HMDB0000210"
"HMDB0002302"	"indolepropionate"	"Group"	"Severe"	-0.380319280921063	0.697027396400804	0.586685052077588	0.790930647472273	"CPLM"	1.81	96	83	14	"HMDB0002302"
"HMDB0000736"	"isobutyrylcarnitine (C4)"	"Group"	"Severe"	0.253988595511641	0.479207371916334	0.597419190160449	0.797266525554784	"CPLM"	1.99	96	96	0	"HMDB0000736"
"HMDB0000711"	"2-hydroxyoctanoate"	"Group"	"Severe"	-0.136041465175603	0.263038911658775	0.606305548236366	0.802440850458798	"CPLM"	1.99	96	96	0	"HMDB0000711"
"HMDB0000637"	"glycochenodeoxycholate"	"Group"	"Severe"	0.285490867517084	0.561854287364688	0.612624463568469	0.806094136691941	"CPLM"	1.786	96	92	4	"HMDB0000637"
"HMDB0000086"	"glycerophosphorylcholine (GPC)"	"Group"	"Severe"	-0.0590735249778236	0.116546956650522	0.6135033572768	0.806656606373549	"CPLM"	1.206	96	96	0	"HMDB0000086"
"HMDB0000092"	"dimethylglycine"	"Group"	"Severe"	-0.0765380538254425	0.152987223982479	0.618105386914102	0.80956339718344	"CPLM"	1.99	96	96	0	"HMDB0000092"
"HMDB0000378"	"2-methylbutyrylcarnitine (C5)"	"Group"	"Severe"	0.20936703839069	0.422360122510776	0.621322720242696	0.811469778015558	"CPLM"	1.699	96	91	5	"HMDB0000378"
"HMDB0029737"	"3-formylindole"	"Group"	"Severe"	0.045429180397014	0.0916019356268387	0.621158363800259	0.811469778015558	"CPLM"	1.99	96	96	0	"HMDB0029737"
"HMDB0000535"	"caproate (6:0)"	"Group"	"Severe"	0.0317452525420086	0.064370746149059	0.623112273314896	0.813081172686544	"CPLM"	1.99	96	96	0	"HMDB0000535"
"HMDB0000946"	"ursodeoxycholate"	"Group"	"Severe"	0.250213710498501	0.5091129562731	0.624303991051027	0.81375439118742	"CPLM"	1.767	96	89	7	"HMDB0000946"
"HMDB0002580"	"taurolithocholate 3-sulfate"	"Group"	"Severe"	-0.270291697105662	0.553839084646715	0.626726718670235	0.815927237514079	"CPLM"	1.732	96	85	11	"HMDB0002580"
"HMDB0000808"	"butyrylglycine (C4)"	"Group"	"Severe"	0.0630036327530456	0.130012882506156	0.629153950180156	0.817918095666694	"CPLM"	1.022	96	93	3	"HMDB0000808"
"HMDB0004705"	"12,13-DiHOME"	"Group"	"Severe"	-0.198295771597497	0.410493361214213	0.63023441803633	0.818784870099245	"CPLM"	1.719	96	93	3	"HMDB0004705"
"HMDB0000079"	"5,6-dihydrothymine"	"Group"	"Severe"	-0.0697409842230183	0.144424380321349	0.630360069075089	0.818784870099245	"CPLM"	1.99	96	96	0	"HMDB0000079"
"HMDB0000925"	"trimethylamine N-oxide"	"Group"	"Severe"	-0.156033798506925	0.322981026923423	0.630207393155385	0.818784870099245	"CPLM"	1.99	96	96	0	"HMDB0000925"
"HMDB0028922"	"leucylalanine"	"Group"	"Severe"	0.165148430415095	0.342388386106711	0.630746918071524	0.819053739634366	"CPLM"	1.552	96	90	6	"HMDB0028922"
"HMDB0060013"	"guaiacol sulfate"	"Group"	"Severe"	-0.178889975606119	0.374002517873432	0.63360086591236	0.820297334790786	"CPLM"	1.658	96	87	9	"HMDB0060013"
"HMDB0011753"	"iminodiacetate (IDA)"	"Group"	"Severe"	-0.388817735786865	0.819782798875145	0.636452172517716	0.822242040750547	"CPLM"	1.778	96	68	29	"HMDB0011753"
"HMDB0000624"	"alpha-hydroxyisocaproate"	"Group"	"Severe"	0.0558233184972164	0.117844379954284	0.636871185802891	0.822519164034515	"CPLM"	1.99	96	96	0	"HMDB0000624"
"HMDB0000555"	"3-methyladipate"	"Group"	"Severe"	-0.280244183131638	0.598373572516288	0.640684201830526	0.825213091794284	"CPLM"	1.331	96	43	55	"HMDB0000555"
"HMDB0011621"	"cinnamoylglycine"	"Group"	"Severe"	-0.296667297838515	0.63816721557926	0.64315709690703	0.825452362812123	"CPLM"	1.475	96	48	50	"HMDB0011621"
"HMDB0002038"	"N6-methyllysine"	"Group"	"Severe"	-0.102062766861589	0.232229051586556	0.661370508021442	0.837173530398191	"CPLM"	1.99	96	96	0	"HMDB0002038"
"HMDB0000943"	"threonate"	"Group"	"Severe"	-0.064141161546251	0.149127728512989	0.668156102023168	0.840619819089928	"CPLM"	1.434	96	96	0	"HMDB0000943"
"HMDB0000875"	"trigonelline (N-methylnicotinate)"	"Group"	"Severe"	-0.0971040806385073	0.227978649432228	0.671183542326903	0.841798361816777	"CPLM"	1.99	96	96	0	"HMDB0000875"
"HMDB0000673"	"linoleate (18:2n6)"	"Group"	"Severe"	-0.0777140131525376	0.182809260153568	0.671782687438027	0.841970191540184	"CPLM"	1.99	96	96	0	"HMDB0000673"
"HMDB0062657"	"epiandrosterone sulfate"	"Group"	"Severe"	-0.0995221884826998	0.234536778693302	0.672345412038188	0.842095986364662	"CPLM"	1.58	96	95	1	"HMDB0062657"
"HMDB0002005"	"methionine sulfoxide"	"Group"	"Severe"	0.0609087622150849	0.14644135227252	0.67846538187002	0.84668868763354	"CPLM"	1.99	96	96	0	"HMDB0002005"
"HMDB0001991"	"7-methylxanthine"	"Group"	"Severe"	0.063513406753411	0.155845665960617	0.684589752305121	0.851063161968416	"CPLM"	1.99	96	96	0	"HMDB0001991"
"HMDB0006029"	"N-acetylglutamine"	"Group"	"Severe"	-0.134709403422894	0.336984142093101	0.690298440604581	0.855872338282947	"CPLM"	1.99	96	96	0	"HMDB0006029"
"HMDB0011738"	"gamma-glutamylglutamine"	"Group"	"Severe"	0.0488686821948616	0.123360610686964	0.692946245398553	0.85788529694142	"CPLM"	1.848	96	96	0	"HMDB0011738"
"HMDB0002329"	"oxalate (ethanedioate)"	"Group"	"Severe"	0.0547142059527307	0.138238640322286	0.6932032437223	0.85788529694142	"CPLM"	1.99	96	96	0	"HMDB0002329"
"HMDB0001429"	"phosphate"	"Group"	"Severe"	0.317614102534054	0.803093767711507	0.693429024602847	0.85788529694142	"CPLM"	1.781	96	69	28	"HMDB0001429"
"HMDB0061717"	"succinylcarnitine (C4-DC)"	"Group"	"Severe"	0.20049773698188	0.512285758215645	0.696452783418645	0.859543423878394	"CPLM"	1.34	96	64	33	"HMDB0061717"
"HMDB0002815"	"1-oleoyl-GPC (18:1)"	"Group"	"Severe"	0.038677883625536	0.0990826033775883	0.697203118948522	0.860183590600779	"CPLM"	1.872	96	96	0	"HMDB0002815"
"HMDB0000788"	"orotidine"	"Group"	"Severe"	-0.125720064811842	0.324742440732507	0.699578412462746	0.86071972836155	"CPLM"	1.438	96	88	8	"HMDB0000788"
"HMDB0001138"	"N-acetylglutamate"	"Group"	"Severe"	-0.0970796556170776	0.255841598664855	0.705255972919638	0.86429916595157	"CPLM"	1.158	96	90	6	"HMDB0001138"
"HMDB0002203"	"3-hydroxydecanoate"	"Group"	"Severe"	0.0533640883275142	0.140834138876968	0.705653859366953	0.864316051737719	"CPLM"	1.99	96	96	0	"HMDB0002203"
"HMDB0001067"	"N-acetyl-aspartyl-glutamate (NAAG)"	"Group"	"Severe"	-0.266047387049876	0.725465723965729	0.714693603338498	0.869580467645846	"CPLM"	1.45	96	38	60	"HMDB0001067"
"HMDB0000517"	"arginine"	"Group"	"Severe"	-0.0340520268248234	0.0930089248847025	0.715147595643338	0.869634753153474	"CPLM"	1.056	96	96	0	"HMDB0000517"
"HMDB0003911"	"3-aminoisobutyrate"	"Group"	"Severe"	-0.106851067083495	0.294175395675518	0.717300109030427	0.870392938056105	"CPLM"	1.99	96	96	0	"HMDB0003911"
"HMDB0002024"	"4-imidazoleacetate"	"Group"	"Severe"	0.0395644885263227	0.111298234442277	0.723069864335085	0.873175311029056	"CPLM"	1.016	96	95	1	"HMDB0002024"
"HMDB0061384"	"acisoga"	"Group"	"Severe"	0.124672756436079	0.351126402634508	0.723380818044685	0.873175311029056	"CPLM"	1.835	96	95	1	"HMDB0061384"
"HMDB0000518"	"chenodeoxycholate"	"Group"	"Severe"	0.0925388823023736	0.26090102161028	0.723661208701985	0.873175311029056	"CPLM"	1.643	96	95	1	"HMDB0000518"
"HMDB0006344"	"phenylacetylglutamine"	"Group"	"Severe"	0.105592462307559	0.300612483700596	0.726225170447989	0.873772635725269	"CPLM"	1.99	96	96	0	"HMDB0006344"
"HMDB0004988"	"1-methyl-5-imidazoleacetate"	"Group"	"Severe"	0.143613521820814	0.411088895166849	0.727652501477681	0.875027592217945	"CPLM"	1.99	96	96	0	"HMDB0004988"
"HMDB0000565"	"galactonate"	"Group"	"Severe"	0.0999436668795107	0.287330841497794	0.728785569954481	0.875380605045722	"CPLM"	1.639	96	94	2	"HMDB0000565"
"HMDB0061661"	"9-hydroxystearate"	"Group"	"Severe"	-0.0835850178515336	0.249126364190651	0.738028090381113	0.881562464143214	"CPLM"	1.162	96	88	8	"HMDB0061661"
"HMDB0000039"	"butyrate/isobutyrate (4:0)"	"Group"	"Severe"	0.0544254861661318	0.162591978952014	0.738611400401992	0.881687108107647	"CPLM"	1.951	96	96	0	"HMDB0000039"
"HMDB0002284"	"N-acetyl-cadaverine"	"Group"	"Severe"	0.267817930725657	0.844217678080588	0.751806032464252	0.88927913554343	"CPLM"	1.626	96	33	66	"HMDB0002284"
"HMDB0000912"	"N6-succinyladenosine"	"Group"	"Severe"	0.111420226870947	0.353358655982516	0.753258626323499	0.889841707983713	"CPLM"	1.299	96	82	15	"HMDB0000912"
"HMDB0000289"	"urate"	"Group"	"Severe"	-0.0463532188116135	0.146965110203104	0.753194150812011	0.889841707983713	"CPLM"	1.99	96	96	0	"HMDB0000289"
"HMDB0000848"	"stearoylcarnitine (C18)"	"Group"	"Severe"	-0.0444496067299402	0.145239853519267	0.760286830816603	0.893752085263524	"CPLM"	1.039	96	92	4	"HMDB0000848"
"HMDB0008993"	"1-stearoyl-2-oleoyl-GPE (18:0/18:1)"	"Group"	"Severe"	0.0620453752016499	0.220921809507064	0.77947909111818	0.899909048560769	"CPLM"	1.169	96	91	5	"HMDB0008993"
"METPA0616"	"imidazole lactate"	"Group"	"Severe"	0.0360588407774163	0.126260638707476	0.775855385092781	0.899909048560769	"CPLM"	1.99	96	96	0	"METPA0616"
"HMDB0000638"	"laurate (12:0)"	"Group"	"Severe"	0.0517208331575886	0.180633186578757	0.77529027466428	0.899909048560769	"CPLM"	1.99	96	96	0	"HMDB0000638"
"HMDB0000226"	"orotate"	"Group"	"Severe"	0.0370500777717319	0.131608968852944	0.778967890079826	0.899909048560769	"CPLM"	1.99	96	96	0	"HMDB0000226"
"HMDB0000291"	"vanillylmandelate (VMA)"	"Group"	"Severe"	0.135551311453347	0.487603354396204	0.781660962078526	0.900274158145071	"CPLM"	1.656	96	90	6	"HMDB0000291"
"HMDB0013130"	"glutarylcarnitine (C5-DC)"	"Group"	"Severe"	-0.103885471981116	0.385381138732381	0.788118523007984	0.90450901052882	"CPLM"	1.99	96	96	0	"HMDB0013130"
"HMDB0010382"	"1-palmitoyl-GPC (16:0)"	"Group"	"Severe"	-0.0209804344581639	0.0781704736218054	0.789017686644803	0.904911016045683	"CPLM"	1.99	96	96	0	"HMDB0010382"
"HMDB0000956"	"tartarate"	"Group"	"Severe"	-0.118377809010501	0.443671362010951	0.790229479541414	0.905562418176045	"CPLM"	1.739	96	94	2	"HMDB0000956"
"HMDB0000339"	"2-methylbutyrylglycine (C5)"	"Group"	"Severe"	0.0331449300215555	0.130696521044022	0.8003877918985	0.911725173087928	"CPLM"	1.037	96	92	4	"HMDB0000339"
"HMDB0007991"	"1-palmitoyl-2-docosahexaenoyl-GPC (16:0/22:6)"	"Group"	"Severe"	0.026738228066574	0.112868713061645	0.813281330658451	0.917285842330407	"CPLM"	1.99	96	96	0	"HMDB0007991"
"HMDB0006275"	"dopamine 3-O-sulfate"	"Group"	"Severe"	-0.0894642577473521	0.379807726624361	0.814321928768183	0.917285842330407	"CPLM"	1.497	96	88	8	"HMDB0006275"
"HMDB0000959"	"tigloylglycine"	"Group"	"Severe"	-0.0914805900388463	0.386707419660268	0.813539593615962	0.917285842330407	"CPLM"	1.146	96	66	31	"HMDB0000959"
"HMDB0000730"	"isobutyrylglycine (C4)"	"Group"	"Severe"	0.0265437889739772	0.114719712205639	0.817551118567763	0.919333834825725	"CPLM"	1.99	96	96	0	"HMDB0000730"
"HMDB0011172"	"gamma-glutamylvaline"	"Group"	"Severe"	0.0228281585769756	0.11000575327523	0.836079542533804	0.9282072736955	"CPLM"	1.99	96	96	0	"HMDB0011172"
"HMDB0135245"	"eugenol sulfate"	"Group"	"Severe"	-0.164824521506143	0.813449188438377	0.839891235413979	0.931303795002498	"CPLM"	1.703	96	61	36	"HMDB0135245"
"HMDB0002088"	"oleoyl ethanolamide"	"Group"	"Severe"	-0.0438927305526404	0.225985259669271	0.84643977935233	0.934239656022525	"CPLM"	1.327	96	93	3	"HMDB0002088"
"HMDB0000765"	"mannitol/sorbitol"	"Group"	"Severe"	0.147389221312261	0.76229617325169	0.847126208388036	0.934380275831207	"CPLM"	1.782	96	88	8	"HMDB0000765"
"HMDB0006547"	"stearidonate (18:4n3)"	"Group"	"Severe"	0.0326465371366246	0.184057534193841	0.859619746571337	0.941622714470282	"CPLM"	1.99	96	96	0	"HMDB0006547"
"HMDB0033724"	"10-undecenoate (11:1n1)"	"Group"	"Severe"	-0.0280417204651513	0.164361360167348	0.864917557535524	0.944111830540935	"CPLM"	1.99	96	96	0	"HMDB0033724"
"HMDB0029127"	"valylglycine"	"Group"	"Severe"	0.0531358951252603	0.314579608243308	0.86625009901778	0.94505206807671	"CPLM"	1.756	96	95	1	"HMDB0029127"
"HMDB0002366"	"tiglyl carnitine (C5)"	"Group"	"Severe"	0.0820702378676093	0.502914934372159	0.870739527947964	0.94627618499262	"CPLM"	1.727	96	90	6	"HMDB0002366"
"HMDB0094696"	"N-methylproline"	"Group"	"Severe"	0.069054769896233	0.432346289680876	0.873462807790139	0.947032221449588	"CPLM"	1.99	96	96	0	"HMDB0094696"
"HMDB0000020"	"4-hydroxyphenylacetate"	"Group"	"Severe"	-0.0592255161329955	0.38076740944384	0.876745888450896	0.948610305537035	"CPLM"	1.383	96	80	17	"HMDB0000020"
"HMDB0000824"	"propionylcarnitine (C3)"	"Group"	"Severe"	0.0724100875848604	0.48223076992484	0.880980916037564	0.951022159534003	"CPLM"	1.99	96	96	0	"HMDB0000824"
"HMDB0000806"	"myristate (14:0)"	"Group"	"Severe"	-0.0195669494643142	0.132348043215682	0.882799809805911	0.951093052722053	"CPLM"	1.99	96	96	0	"HMDB0000806"
"HMDB0011130"	"1-stearoyl-GPE (18:0)"	"Group"	"Severe"	-0.0187370423130828	0.131052929655805	0.886634629932312	0.952905558997935	"CPLM"	1.573	96	96	0	"HMDB0011130"
"HMDB0240656"	"lanthionine"	"Group"	"Severe"	0.0499138917356249	0.352304455524729	0.887654339008551	0.953615914094112	"CPLM"	1.184	96	75	22	"HMDB0240656"
"HMDB0000783"	"propionylglycine (C3)"	"Group"	"Severe"	-0.0211987888191019	0.190879391953505	0.911819987440985	0.966403914869955	"CPLM"	1.035	96	89	7	"HMDB0000783"
"HMDB0240316"	"glycerophosphoglycerol"	"Group"	"Severe"	0.0191436875792827	0.173786982629638	0.912533631814045	0.966436781228177	"CPLM"	1.04	96	91	5	"HMDB0240316"
"HMDB0004193"	"N1-Methyl-2-pyridone-5-carboxamide"	"Group"	"Severe"	-0.0337947864995145	0.315269238227687	0.914876807668924	0.967793027206569	"CPLM"	1.99	96	96	0	"HMDB0004193"
"HMDB0011506"	"1-oleoyl-GPE (18:1)"	"Group"	"Severe"	0.0174139007337181	0.164299839143292	0.915829968541588	0.968126665909562	"CPLM"	1.99	96	96	0	"HMDB0011506"
"HMDB0000114"	"glycerophosphoethanolamine"	"Group"	"Severe"	-0.0109676226972894	0.106120485551215	0.917917194193344	0.96898351932232	"CPLM"	1.106	96	96	0	"HMDB0000114"
"HMDB0000867"	"ribonate"	"Group"	"Severe"	0.01733088833155	0.170891219035663	0.919449364926024	0.969477288231793	"CPLM"	1.99	96	96	0	"HMDB0000867"
"HMDB0155722"	"O-sulfo-L-tyrosine"	"Group"	"Severe"	0.0196786381600834	0.210163156231099	0.925609535555804	0.973268488783453	"CPLM"	1.99	96	96	0	"HMDB0155722"
"HMDB0000661"	"glutarate (C5-DC)"	"Group"	"Severe"	0.013406490176681	0.145610320165012	0.926848542547637	0.974121454595416	"CPLM"	1.99	96	96	0	"HMDB0000661"
"HMDB0000452"	"2-aminobutyrate"	"Group"	"Severe"	0.0122320037934337	0.139970011084478	0.930557703891881	0.975318707370225	"CPLM"	1.256	96	95	1	"HMDB0000452"
"HMDB0013622"	"10-nonadecenoate (19:1n9)"	"Group"	"Severe"	0.0151895152287903	0.19076897590302	0.936716208688431	0.976786430262099	"CPLM"	1.99	96	96	0	"HMDB0013622"
"HMDB0000679"	"homocitrulline"	"Group"	"Severe"	0.0368892599981435	0.452019226944589	0.935140151925068	0.976786430262099	"CPLM"	1.49	96	85	11	"HMDB0000679"
"HMDB0003072"	"quinate"	"Group"	"Severe"	-0.036117942038101	0.435502304086169	0.934090274917514	0.976786430262099	"CPLM"	1.772	96	92	4	"HMDB0003072"
"HMDB0011697"	"lignoceroyl sphingomyelin (d18:1/24:0)"	"Group"	"Severe"	-0.00677339111629954	0.0988075741601969	0.945500537062432	0.979356400173551	"CPLM"	1.99	96	96	0	"HMDB0011697"
"HMDB0011757"	"N-acetylvaline"	"Group"	"Severe"	-0.00501965231044145	0.0903830962438464	0.95583473263906	0.983033281941797	"CPLM"	1.99	96	96	0	"HMDB0011757"
"HMDB0062174"	"methionine sulfone"	"Group"	"Severe"	0.0176790177438885	0.328751819294333	0.957234013356949	0.983495808353692	"CPLM"	1.99	96	96	0	"HMDB0062174"
"HMDB0060038"	"10-heptadecenoate (17:1n7)"	"Group"	"Severe"	-0.00542709548784398	0.18314854780705	0.976426727557619	0.991006756696545	"CPLM"	1.99	96	96	0	"HMDB0060038"
"HMDB0004484"	"etiocholanolone glucuronide"	"Group"	"Severe"	0.00861868675941926	0.317333514040007	0.978393156579523	0.991871557137459	"CPLM"	1.322	96	82	15	"HMDB0004484"
"HMDB0000552"	"3-methylglutarylcarnitine (2)"	"Group"	"Severe"	-0.0157245246451208	0.697561036863738	0.982065954103463	0.993002692631433	"CPLM"	1.622	96	70	27	"HMDB0000552"
"HMDB0240343"	"N-acetylmethionine sulfoxide"	"Group"	"Severe"	-0.0101724740156752	0.476121267121735	0.983002080964954	0.993694001490433	"CPLM"	1.341	96	66	31	"HMDB0240343"
"HMDB0000294"	"urea"	"Group"	"Severe"	-0.00506893629779738	0.277938006494482	0.985490090328821	0.994443135687447	"CPLM"	1.99	96	96	0	"HMDB0000294"
"HMDB0000134"	"fumarate"	"Group"	"Severe"	0.00180534624269381	0.133580627378912	0.989247144319477	0.995471418408811	"CPLM"	1.99	96	96	0	"HMDB0000134"
"HMDB0033585"	"acesulfame"	"Group"	"Severe"	0.0060260289441562	0.736136321649009	0.993486892887151	0.996545592745771	"CPLM"	1.492	96	25	74	"HMDB0033585"
"HMDB0000197"	"indoleacetate"	"Group"	"Severe"	0.00130913519591452	0.184402124378153	0.994351475085081	0.99675910577536	"CPLM"	1.99	96	96	0	"HMDB0000197"
"HMDB0000866"	"N-acetyltyrosine"	"Group"	"Severe"	-0.00110520312071772	0.169248249570847	0.994804409016561	0.996801701097054	"CPLM"	1.99	96	96	0	"HMDB0000866"
"HMDB0240342"	"N-acetylkynurenine (2)"	"Group"	"Severe"	-0.00114188249452131	0.870546461567312	0.99895636293831	0.999254702358068	"CPLM"	1.624	96	39	59	"HMDB0240342"
